songid,bassmusic,breakbeat,disco,downtempo,dnb,erock,jungle,hardcore,hardstyle,hauntology,hip hop fusion,trap,house,industrial,techno,trance,uk garage
0W9Xvd4Qx1aZPxEi94vgRY,1,0,0,0,0,0,0,0,0,0,0,0,0,0,0,0,0
4eAwB5pnKFTmsgc3zWoYO0,1,0,0,0,0,0,0,0,0,0,0,0,0,0,0,0,0
6ZxrUCaynLgKSUudACOTwj,1,0,0,0,0,0,0,0,0,0,0,0,0,0,0,0,0
28IEbk5a7twNTbUEvWslUb,1,0,0,0,0,0,0,0,0,0,0,0,0,0,0,0,0
3e2KBwxibC1rq4bA5TNKW2,1,0,0,0,0,0,0,0,0,0,0,0,0,0,0,0,0
4jFRtGbni2Lx2lKexSDsZN,1,0,0,0,0,0,0,0,0,0,0,0,0,0,0,0,0
4o4YhCP0toMbDAMWrepqJ5,1,0,0,0,0,0,0,0,0,0,0,0,0,0,0,0,0
7eeyDb7VEK3h545BoTKl1t,1,0,0,0,0,0,0,0,0,0,0,0,0,0,0,0,0
4Iedi94TIaB2GGb1nMB68v,1,0,0,0,0,0,0,0,0,0,0,0,0,0,0,0,0
7FKmVfKEonuratCFyyuDi1,1,0,0,0,0,0,0,0,0,0,0,0,0,0,0,0,0
6piS1haZhyHJeMGDL1dB4W,1,0,0,0,0,0,0,0,0,0,0,0,0,0,0,0,0
6eUYW6plEq0qPrkS6sqXEj,1,0,0,0,0,0,0,0,0,0,0,0,0,0,0,0,0
0QCa5hkXe8gDw0zM0qgNFz,1,0,0,0,0,0,0,0,0,0,0,0,0,0,0,0,0
0QjVLfSaya8jG8CYdmakfp,1,0,0,0,0,0,0,0,0,0,0,0,0,0,0,0,0
570mnInenF86jzfXGwNMsh,1,0,0,0,0,0,0,0,0,0,0,0,0,0,0,0,0
1XTDVPJ5b1Rw7eDSc1S76o,1,0,0,0,0,0,0,0,0,0,0,0,0,0,0,0,0
5ljPjnOs6MVJ1inWHfQ9S6,1,0,0,0,0,0,0,0,0,0,0,0,0,0,0,0,0
2bAdERiTGyns7A43zqrJF3,1,0,0,0,0,0,0,0,0,0,0,0,0,0,0,0,0
0WfrcPpMefzubczJDcWCrI,1,0,0,0,0,0,0,0,0,0,0,0,0,0,0,0,0
7kUEbVgUEun1UtbrpWLlyk,1,0,0,0,0,0,0,0,0,0,0,0,0,0,0,0,0
2TOXS8mpnWMoHOcPLYGbnK,1,0,0,0,0,0,0,0,0,0,0,0,0,0,0,0,0
3SnB6FYj46OI4IOt5TgEGY,1,0,0,0,0,0,0,0,0,0,0,0,0,0,0,0,0
5dLlraYIaI1ngnoiLl1wIJ,1,0,0,0,0,0,0,0,0,0,0,0,0,0,0,0,0
4wrKprViuIqltw8xz3o89G,1,0,0,0,0,0,0,0,0,0,0,0,0,0,0,0,0
6BgFYj7GAyqgauRKwMG5Mc,1,0,0,0,0,0,0,0,0,0,0,0,0,0,0,0,0
16kAFKyJRZHUngoT4gFtv6,1,0,0,0,0,0,0,0,0,0,0,0,0,0,0,0,0
6xpemzIGan5uOg7KGR0wfp,1,0,0,0,0,0,0,0,0,0,0,0,0,0,0,0,0
2Vr3N3rCzmdSTPIUFia431,1,0,0,0,0,0,0,0,0,0,0,0,0,0,0,0,0
2LU4hD526JzRag57HCkhkj,1,0,0,0,0,0,0,0,0,0,0,0,0,0,0,0,0
1M20Qw0c6Wc1zTzBP9CBPz,1,0,0,0,0,0,0,0,0,0,0,0,0,0,0,0,0
1a5fx33Qf3Gb0DjhBaLa6f,1,0,0,0,0,0,0,0,0,0,0,0,0,0,0,0,0
7Mgpc7PoSvWV73jhfpmxoE,1,0,0,0,0,0,0,0,0,0,0,0,0,0,0,0,0
6xm1ZiRCv1QADPPn88qcru,1,0,0,0,0,0,0,0,0,0,0,0,0,0,0,0,0
7AJ0Jfwqa5U0NNcTcSUDPZ,1,0,0,0,0,0,0,0,0,0,0,0,0,0,0,0,0
4igCPHhUeey6Rsv9lGBeIh,1,0,0,0,0,0,0,0,0,0,0,0,0,0,0,0,0
1qNgETfqf8nLsB32OEG4Kr,1,0,0,0,0,0,0,0,0,0,0,0,0,0,0,0,0
3KyNeivwKZPzGmKaId1JHD,1,0,0,0,0,0,0,0,0,0,0,0,0,0,0,0,0
0IyYhV3YmH0do8nsRaH919,1,0,0,0,0,0,0,0,0,0,0,0,0,0,0,0,0
5sRPNlMRJFCoOiVv3vZtcT,1,0,0,0,0,0,0,0,0,0,0,0,0,0,0,0,0
24QCCkcxv8ZOwVxPSPEf1m,1,0,0,0,0,0,0,0,0,0,0,0,0,0,0,0,0
7frZWWKDXLl7bcJ9MvlnsF,1,0,0,0,0,0,0,0,0,0,0,0,0,0,0,0,0
0GUx7RQccWiD2gb3ePwJVs,1,0,0,0,0,0,0,0,0,0,0,0,0,0,0,0,0
1rIYKrelDliHd8I7AZHhQ0,1,0,0,0,0,0,0,0,0,0,0,0,0,0,0,0,0
6omeGJcyvVjFaY95V52nys,1,0,0,0,0,0,0,0,0,0,0,0,0,0,0,0,0
1CVabSy0LEy8hDyBMYFdBn,1,0,0,0,0,0,0,0,0,0,0,0,0,0,0,0,0
4SvYiFddf3OlyXNPhjT9Jy,1,0,0,0,0,0,0,0,0,0,0,0,0,0,0,0,0
2COCMxPP3UhEGnv3JUqEC4,1,0,0,0,0,0,0,0,0,0,0,0,0,0,0,0,0
1vmIeiSsqhpBVCBzUpvktb,1,0,0,0,0,0,0,0,0,0,0,0,0,0,0,0,0
420JGkyLfLUZcgBHKiIK9v,1,0,0,0,0,0,0,0,0,0,0,0,0,0,0,0,0
5ynxx6zC4dgzsMHLYQ04Dc,1,0,0,0,0,0,0,0,0,0,0,0,0,0,0,0,0
44NRdYQw7P0GWuiunRv3hr,1,0,0,0,0,0,0,0,0,0,0,0,0,0,0,0,0
25CMmGsl22APKhfuj4Tp7j,1,0,0,0,0,0,0,0,0,0,0,0,0,0,0,0,0
1gyee1JuFFiP476LQpRMYU,1,0,0,0,0,0,0,0,0,0,0,0,0,0,0,0,0
6X38QEOERzDXI5HPvwAJw7,1,0,0,0,0,0,0,0,0,0,0,0,0,0,0,0,0
0UU98KhDayXXXaP7y9ud7M,1,0,0,0,0,0,0,0,0,0,0,0,0,0,0,0,0
02uwXnLbfT68JKAShQ0VTS,1,0,0,0,0,0,0,0,0,0,0,0,0,0,0,0,0
3td8TUsU9wfF4saGDi6NI4,1,0,0,0,0,0,0,0,0,0,0,0,0,0,0,0,0
11D7YynZsS8hOCYlqlzevc,1,0,0,0,0,0,0,0,0,0,0,0,0,0,0,0,0
0nXVUxGyjGsyrIQzHRVesF,1,0,0,0,0,0,0,0,0,0,0,0,0,0,0,0,0
7MFahU9vl5TWlei936k7n6,1,0,0,0,0,0,0,0,0,0,0,0,0,0,0,0,0
6Knx4Tp8hE7IlYtde2dCYI,1,0,0,0,0,0,0,0,0,0,0,0,0,0,0,0,0
5QUbOFOkbDlt4ZY7bdL4Am,1,0,0,0,0,0,0,0,0,0,0,0,0,0,0,0,0
1LDAyB24s26kvMt6hXFBks,1,0,0,0,0,0,0,0,0,0,0,0,0,0,0,0,0
7HVIYhmG50UGXHk0Cqw50h,0,1,0,0,0,0,0,0,0,0,0,0,0,0,0,0,0
3kN8TbvcpxNElCd29q1K46,0,1,0,0,0,0,0,0,0,0,0,0,0,0,0,0,0
2h8OnhWZCRGNjptZ9IurZw,0,1,0,0,0,0,0,0,0,0,0,0,0,0,0,0,0
3qvZA9AINcrNjQeQNYJq8d,0,1,0,0,0,0,0,0,0,0,0,0,0,0,0,0,0
5td5z2iVZ8n9cF95pxXTVW,0,1,0,0,0,0,0,0,0,0,0,0,0,0,0,0,0
5YAoAIyDDqIrRG6wlaxnG5,0,1,0,0,0,0,0,0,0,0,0,0,0,0,0,0,0
3SgzhsetveEJkjWRBR4kvU,0,1,0,0,0,0,0,0,0,0,0,0,0,0,0,0,0
0Q68ELx05Tv2X5wAey3Pet,0,1,0,0,0,0,0,0,0,0,0,0,0,0,0,0,0
05FzWxV5hv2Idl8dNXj8w9,0,1,0,0,0,0,0,0,0,0,0,0,0,0,0,0,0
7kMDkMbjH2VZWNu9zcgUSH,0,1,0,0,0,0,0,0,0,0,0,0,0,0,0,0,0
01GmSsOIdd3CkyzixTjpnl,0,1,0,0,0,0,0,0,0,0,0,0,0,0,0,0,0
6pKeuJDicz6NTYxXLOyxQG,0,1,0,0,0,0,0,0,0,0,0,0,0,0,0,0,0
6cm0CsFVU8QTLTVegPgHDm,0,1,0,0,0,0,0,0,0,0,0,0,0,0,0,0,0
4ZHfD6DH0JsuJkyeXaLMdk,0,1,0,0,0,0,0,0,0,0,0,0,0,0,0,0,0
68Yv6xJKJsIU7UTMj1WM0S,0,1,0,0,0,0,0,0,0,0,0,0,0,0,0,0,0
6N61vM6c2DC3Wg311DGd2f,0,1,0,0,0,0,0,0,0,0,0,0,0,0,0,0,0
5f5oCn8eUGl3Elcp5wKrfc,0,1,0,0,0,0,0,0,0,0,0,0,0,0,0,0,0
2lMNNWVnpaJNKCyFFIkWeJ,0,1,0,0,0,0,0,0,0,0,0,0,0,0,0,0,0
6mIce4eaRg6UOFHABNX2xL,0,1,0,0,0,0,0,0,0,0,0,0,0,0,0,0,0
4umAchOUcqvVP1bO4O5V3k,0,1,0,0,0,0,0,0,0,0,0,0,0,0,0,0,0
5HrFezHeXyEyQIJVDiUV0e,0,1,0,0,0,0,0,0,0,0,0,0,0,0,0,0,0
73X9X7kDgsm4YeHpc8prf6,0,1,0,0,0,0,0,0,0,0,0,0,0,0,0,0,0
4u6b04BPxMvCeWZEL3A2Hz,0,1,0,0,0,0,0,0,0,0,0,0,0,0,0,0,0
5CdnchxvwLJUonYfcDbgB0,0,1,0,0,0,0,0,0,0,0,0,0,0,0,0,0,0
2LvoLTGnFfuQp93zdnBTL1,0,1,0,0,0,0,0,0,0,0,0,0,0,0,0,0,0
2sifRHahNmhTR7a3BjKc9u,0,1,0,0,0,0,0,0,0,0,0,0,0,0,0,0,0
1QrlSQGTF8aEvsdhT4vMi8,0,1,0,0,0,0,0,0,0,0,0,0,0,0,0,0,0
24uD8hstuKKOKs5rVlFDGQ,0,1,0,0,0,0,0,0,0,0,0,0,0,0,0,0,0
3iYcDHbDms7Ennm21cp3Kk,0,1,0,0,0,0,0,0,0,0,0,0,0,0,0,0,0
5gwDcz0h3IXdtjTfDpQqog,0,1,0,0,0,0,0,0,0,0,0,0,0,0,0,0,0
7lsZPaFSmy1iYU8YK6V1kg,0,1,0,0,0,0,0,0,0,0,0,0,0,0,0,0,0
5TW9JsSvlX9E7zDV5n6HqX,0,1,0,0,0,0,0,0,0,0,0,0,0,0,0,0,0
1cJdIbouxNm1DXYq8A6JSO,0,1,0,0,0,0,0,0,0,0,0,0,0,0,0,0,0
1WcNMJDbf4LkWa5bFNNOUw,0,1,0,0,0,0,0,0,0,0,0,0,0,0,0,0,0
54P2kfFdj4w2hfXdq1tOKC,0,1,0,0,0,0,0,0,0,0,0,0,0,0,0,0,0
2vdILKD9aDA314NpKbzuz6,0,1,0,0,0,0,0,0,0,0,0,0,0,0,0,0,0
1xUOdoSrfnYXpZ3iVSWj1o,0,1,0,0,0,0,0,0,0,0,0,0,0,0,0,0,0
7g1DZDQlJml1nwx3RXO5kC,0,1,0,0,0,0,0,0,0,0,0,0,0,0,0,0,0
2tlnd5m6vBCKOyQe4SZvvJ,0,1,0,0,0,0,0,0,0,0,0,0,0,0,0,0,0
2aJDlirz6v2a4HREki98cP,0,1,0,0,0,0,0,0,0,0,0,0,0,0,0,0,0
3E2N8qR5WeeDxuB9ky2FQE,0,1,0,0,0,0,0,0,0,0,0,0,0,0,0,0,0
3fZo9f1RF24iMVBaC6fAiA,0,1,0,0,0,0,0,0,0,0,0,0,0,0,0,0,0
203NXsm7zXESekeZYH8BMB,0,1,0,0,0,0,0,0,0,0,0,0,0,0,0,0,0
387t13BOBNfxBdKP7M1zVA,0,1,0,0,0,0,0,0,0,0,0,0,0,0,0,0,0
4FN4hAK4kq5ttUabGY4FV8,0,1,0,0,0,0,0,0,0,0,0,0,0,0,0,0,0
4Gd5Cxw7V4JCM9Uj6VpiwL,0,1,0,0,0,0,0,0,0,0,0,0,0,0,0,0,0
5d63ekb5zFLC9WSOJOyOyH,0,1,0,0,0,0,0,0,0,0,0,0,0,0,0,0,0
44TGrpEFEvW9fhXVkGCndQ,0,1,0,0,0,0,0,0,0,0,0,0,0,0,0,0,0
542KU00zQ1QgeJLszdPT76,0,1,0,0,0,0,0,0,0,0,0,0,0,0,0,0,0
6V77a97jCpg7vY1Qf8bmoA,0,1,0,0,0,0,0,0,0,0,0,0,0,0,0,0,0
5QNC5tB3bsTo4OC2EgmAS2,0,1,0,0,0,0,0,0,0,0,0,0,0,0,0,0,0
04Z2yHQQIzkA66Gi5edNEd,0,1,0,0,0,0,0,0,0,0,0,0,0,0,0,0,0
0F2FxxvRHu75zMCoxhmuY2,0,1,0,0,0,0,0,0,0,0,0,0,0,0,0,0,0
6kpNA8Qw0jCLDz1Cf8nTeT,0,1,0,0,0,0,0,0,0,0,0,0,0,0,0,0,0
2riMdnoXWLBZOfVSAztTmJ,0,1,0,0,0,0,0,0,0,0,0,0,0,0,0,0,0
0WakOrS1AkGR1JhDHOEJgx,0,1,0,0,0,0,0,0,0,0,0,0,0,0,0,0,0
0KwDT6uhmaPAz6NoGcMC7b,0,1,0,0,0,0,0,0,0,0,0,0,0,0,0,0,0
0W9Xvd4Qx1aZPxEi94vgRY,1,0,0,0,0,0,0,0,0,0,0,0,0,0,0,0,0
4eAwB5pnKFTmsgc3zWoYO0,1,0,0,0,0,0,0,0,0,0,0,0,0,0,0,0,0
6ZxrUCaynLgKSUudACOTwj,1,0,0,0,0,0,0,0,0,0,0,0,0,0,0,0,0
28IEbk5a7twNTbUEvWslUb,1,0,0,0,0,0,0,0,0,0,0,0,0,0,0,0,0
3e2KBwxibC1rq4bA5TNKW2,1,0,0,0,0,0,0,0,0,0,0,0,0,0,0,0,0
4jFRtGbni2Lx2lKexSDsZN,1,0,0,0,0,0,0,0,0,0,0,0,0,0,0,0,0
4o4YhCP0toMbDAMWrepqJ5,1,0,0,0,0,0,0,0,0,0,0,0,0,0,0,0,0
7eeyDb7VEK3h545BoTKl1t,1,0,0,0,0,0,0,0,0,0,0,0,0,0,0,0,0
4Iedi94TIaB2GGb1nMB68v,1,0,0,0,0,0,0,0,0,0,0,0,0,0,0,0,0
7FKmVfKEonuratCFyyuDi1,1,0,0,0,0,0,0,0,0,0,0,0,0,0,0,0,0
6piS1haZhyHJeMGDL1dB4W,1,0,0,0,0,0,0,0,0,0,0,0,0,0,0,0,0
6eUYW6plEq0qPrkS6sqXEj,1,0,0,0,0,0,0,0,0,0,0,0,0,0,0,0,0
0QCa5hkXe8gDw0zM0qgNFz,1,0,0,0,0,0,0,0,0,0,0,0,0,0,0,0,0
0QjVLfSaya8jG8CYdmakfp,1,0,0,0,0,0,0,0,0,0,0,0,0,0,0,0,0
570mnInenF86jzfXGwNMsh,1,0,0,0,0,0,0,0,0,0,0,0,0,0,0,0,0
1XTDVPJ5b1Rw7eDSc1S76o,1,0,0,0,0,0,0,0,0,0,0,0,0,0,0,0,0
5ljPjnOs6MVJ1inWHfQ9S6,1,0,0,0,0,0,0,0,0,0,0,0,0,0,0,0,0
2bAdERiTGyns7A43zqrJF3,1,0,0,0,0,0,0,0,0,0,0,0,0,0,0,0,0
0WfrcPpMefzubczJDcWCrI,1,0,0,0,0,0,0,0,0,0,0,0,0,0,0,0,0
7kUEbVgUEun1UtbrpWLlyk,1,0,0,0,0,0,0,0,0,0,0,0,0,0,0,0,0
2TOXS8mpnWMoHOcPLYGbnK,1,0,0,0,0,0,0,0,0,0,0,0,0,0,0,0,0
3SnB6FYj46OI4IOt5TgEGY,1,0,0,0,0,0,0,0,0,0,0,0,0,0,0,0,0
5dLlraYIaI1ngnoiLl1wIJ,1,0,0,0,0,0,0,0,0,0,0,0,0,0,0,0,0
4wrKprViuIqltw8xz3o89G,1,0,0,0,0,0,0,0,0,0,0,0,0,0,0,0,0
6BgFYj7GAyqgauRKwMG5Mc,1,0,0,0,0,0,0,0,0,0,0,0,0,0,0,0,0
16kAFKyJRZHUngoT4gFtv6,1,0,0,0,0,0,0,0,0,0,0,0,0,0,0,0,0
6xpemzIGan5uOg7KGR0wfp,1,0,0,0,0,0,0,0,0,0,0,0,0,0,0,0,0
2Vr3N3rCzmdSTPIUFia431,1,0,0,0,0,0,0,0,0,0,0,0,0,0,0,0,0
2LU4hD526JzRag57HCkhkj,1,0,0,0,0,0,0,0,0,0,0,0,0,0,0,0,0
1M20Qw0c6Wc1zTzBP9CBPz,1,0,0,0,0,0,0,0,0,0,0,0,0,0,0,0,0
1a5fx33Qf3Gb0DjhBaLa6f,1,0,0,0,0,0,0,0,0,0,0,0,0,0,0,0,0
7Mgpc7PoSvWV73jhfpmxoE,1,0,0,0,0,0,0,0,0,0,0,0,0,0,0,0,0
6xm1ZiRCv1QADPPn88qcru,1,0,0,0,0,0,0,0,0,0,0,0,0,0,0,0,0
7AJ0Jfwqa5U0NNcTcSUDPZ,1,0,0,0,0,0,0,0,0,0,0,0,0,0,0,0,0
4igCPHhUeey6Rsv9lGBeIh,1,0,0,0,0,0,0,0,0,0,0,0,0,0,0,0,0
1qNgETfqf8nLsB32OEG4Kr,1,0,0,0,0,0,0,0,0,0,0,0,0,0,0,0,0
3KyNeivwKZPzGmKaId1JHD,1,0,0,0,0,0,0,0,0,0,0,0,0,0,0,0,0
0IyYhV3YmH0do8nsRaH919,1,0,0,0,0,0,0,0,0,0,0,0,0,0,0,0,0
5sRPNlMRJFCoOiVv3vZtcT,1,0,0,0,0,0,0,0,0,0,0,0,0,0,0,0,0
24QCCkcxv8ZOwVxPSPEf1m,1,0,0,0,0,0,0,0,0,0,0,0,0,0,0,0,0
7frZWWKDXLl7bcJ9MvlnsF,1,0,0,0,0,0,0,0,0,0,0,0,0,0,0,0,0
0GUx7RQccWiD2gb3ePwJVs,1,0,0,0,0,0,0,0,0,0,0,0,0,0,0,0,0
1rIYKrelDliHd8I7AZHhQ0,1,0,0,0,0,0,0,0,0,0,0,0,0,0,0,0,0
6omeGJcyvVjFaY95V52nys,1,0,0,0,0,0,0,0,0,0,0,0,0,0,0,0,0
1CVabSy0LEy8hDyBMYFdBn,1,0,0,0,0,0,0,0,0,0,0,0,0,0,0,0,0
4SvYiFddf3OlyXNPhjT9Jy,1,0,0,0,0,0,0,0,0,0,0,0,0,0,0,0,0
2COCMxPP3UhEGnv3JUqEC4,1,0,0,0,0,0,0,0,0,0,0,0,0,0,0,0,0
1vmIeiSsqhpBVCBzUpvktb,1,0,0,0,0,0,0,0,0,0,0,0,0,0,0,0,0
420JGkyLfLUZcgBHKiIK9v,1,0,0,0,0,0,0,0,0,0,0,0,0,0,0,0,0
5ynxx6zC4dgzsMHLYQ04Dc,1,0,0,0,0,0,0,0,0,0,0,0,0,0,0,0,0
44NRdYQw7P0GWuiunRv3hr,1,0,0,0,0,0,0,0,0,0,0,0,0,0,0,0,0
25CMmGsl22APKhfuj4Tp7j,1,0,0,0,0,0,0,0,0,0,0,0,0,0,0,0,0
1gyee1JuFFiP476LQpRMYU,1,0,0,0,0,0,0,0,0,0,0,0,0,0,0,0,0
6X38QEOERzDXI5HPvwAJw7,1,0,0,0,0,0,0,0,0,0,0,0,0,0,0,0,0
0UU98KhDayXXXaP7y9ud7M,1,0,0,0,0,0,0,0,0,0,0,0,0,0,0,0,0
02uwXnLbfT68JKAShQ0VTS,1,0,0,0,0,0,0,0,0,0,0,0,0,0,0,0,0
3td8TUsU9wfF4saGDi6NI4,1,0,0,0,0,0,0,0,0,0,0,0,0,0,0,0,0
11D7YynZsS8hOCYlqlzevc,1,0,0,0,0,0,0,0,0,0,0,0,0,0,0,0,0
0nXVUxGyjGsyrIQzHRVesF,1,0,0,0,0,0,0,0,0,0,0,0,0,0,0,0,0
7MFahU9vl5TWlei936k7n6,1,0,0,0,0,0,0,0,0,0,0,0,0,0,0,0,0
6Knx4Tp8hE7IlYtde2dCYI,1,0,0,0,0,0,0,0,0,0,0,0,0,0,0,0,0
5QUbOFOkbDlt4ZY7bdL4Am,1,0,0,0,0,0,0,0,0,0,0,0,0,0,0,0,0
1LDAyB24s26kvMt6hXFBks,1,0,0,0,0,0,0,0,0,0,0,0,0,0,0,0,0
7HVIYhmG50UGXHk0Cqw50h,0,1,0,0,0,0,0,0,0,0,0,0,0,0,0,0,0
3kN8TbvcpxNElCd29q1K46,0,1,0,0,0,0,0,0,0,0,0,0,0,0,0,0,0
2h8OnhWZCRGNjptZ9IurZw,0,1,0,0,0,0,0,0,0,0,0,0,0,0,0,0,0
3qvZA9AINcrNjQeQNYJq8d,0,1,0,0,0,0,0,0,0,0,0,0,0,0,0,0,0
5td5z2iVZ8n9cF95pxXTVW,0,1,0,0,0,0,0,0,0,0,0,0,0,0,0,0,0
5YAoAIyDDqIrRG6wlaxnG5,0,1,0,0,0,0,0,0,0,0,0,0,0,0,0,0,0
3SgzhsetveEJkjWRBR4kvU,0,1,0,0,0,0,0,0,0,0,0,0,0,0,0,0,0
0Q68ELx05Tv2X5wAey3Pet,0,1,0,0,0,0,0,0,0,0,0,0,0,0,0,0,0
05FzWxV5hv2Idl8dNXj8w9,0,1,0,0,0,0,0,0,0,0,0,0,0,0,0,0,0
7kMDkMbjH2VZWNu9zcgUSH,0,1,0,0,0,0,0,0,0,0,0,0,0,0,0,0,0
01GmSsOIdd3CkyzixTjpnl,0,1,0,0,0,0,0,0,0,0,0,0,0,0,0,0,0
6pKeuJDicz6NTYxXLOyxQG,0,1,0,0,0,0,0,0,0,0,0,0,0,0,0,0,0
6cm0CsFVU8QTLTVegPgHDm,0,1,0,0,0,0,0,0,0,0,0,0,0,0,0,0,0
4ZHfD6DH0JsuJkyeXaLMdk,0,1,0,0,0,0,0,0,0,0,0,0,0,0,0,0,0
68Yv6xJKJsIU7UTMj1WM0S,0,1,0,0,0,0,0,0,0,0,0,0,0,0,0,0,0
6N61vM6c2DC3Wg311DGd2f,0,1,0,0,0,0,0,0,0,0,0,0,0,0,0,0,0
5f5oCn8eUGl3Elcp5wKrfc,0,1,0,0,0,0,0,0,0,0,0,0,0,0,0,0,0
2lMNNWVnpaJNKCyFFIkWeJ,0,1,0,0,0,0,0,0,0,0,0,0,0,0,0,0,0
6mIce4eaRg6UOFHABNX2xL,0,1,0,0,0,0,0,0,0,0,0,0,0,0,0,0,0
4umAchOUcqvVP1bO4O5V3k,0,1,0,0,0,0,0,0,0,0,0,0,0,0,0,0,0
5HrFezHeXyEyQIJVDiUV0e,0,1,0,0,0,0,0,0,0,0,0,0,0,0,0,0,0
73X9X7kDgsm4YeHpc8prf6,0,1,0,0,0,0,0,0,0,0,0,0,0,0,0,0,0
4u6b04BPxMvCeWZEL3A2Hz,0,1,0,0,0,0,0,0,0,0,0,0,0,0,0,0,0
5CdnchxvwLJUonYfcDbgB0,0,1,0,0,0,0,0,0,0,0,0,0,0,0,0,0,0
2LvoLTGnFfuQp93zdnBTL1,0,1,0,0,0,0,0,0,0,0,0,0,0,0,0,0,0
2sifRHahNmhTR7a3BjKc9u,0,1,0,0,0,0,0,0,0,0,0,0,0,0,0,0,0
1QrlSQGTF8aEvsdhT4vMi8,0,1,0,0,0,0,0,0,0,0,0,0,0,0,0,0,0
24uD8hstuKKOKs5rVlFDGQ,0,1,0,0,0,0,0,0,0,0,0,0,0,0,0,0,0
3iYcDHbDms7Ennm21cp3Kk,0,1,0,0,0,0,0,0,0,0,0,0,0,0,0,0,0
5gwDcz0h3IXdtjTfDpQqog,0,1,0,0,0,0,0,0,0,0,0,0,0,0,0,0,0
7lsZPaFSmy1iYU8YK6V1kg,0,1,0,0,0,0,0,0,0,0,0,0,0,0,0,0,0
5TW9JsSvlX9E7zDV5n6HqX,0,1,0,0,0,0,0,0,0,0,0,0,0,0,0,0,0
1cJdIbouxNm1DXYq8A6JSO,0,1,0,0,0,0,0,0,0,0,0,0,0,0,0,0,0
1WcNMJDbf4LkWa5bFNNOUw,0,1,0,0,0,0,0,0,0,0,0,0,0,0,0,0,0
54P2kfFdj4w2hfXdq1tOKC,0,1,0,0,0,0,0,0,0,0,0,0,0,0,0,0,0
2vdILKD9aDA314NpKbzuz6,0,1,0,0,0,0,0,0,0,0,0,0,0,0,0,0,0
1xUOdoSrfnYXpZ3iVSWj1o,0,1,0,0,0,0,0,0,0,0,0,0,0,0,0,0,0
7g1DZDQlJml1nwx3RXO5kC,0,1,0,0,0,0,0,0,0,0,0,0,0,0,0,0,0
2tlnd5m6vBCKOyQe4SZvvJ,0,1,0,0,0,0,0,0,0,0,0,0,0,0,0,0,0
2aJDlirz6v2a4HREki98cP,0,1,0,0,0,0,0,0,0,0,0,0,0,0,0,0,0
3E2N8qR5WeeDxuB9ky2FQE,0,1,0,0,0,0,0,0,0,0,0,0,0,0,0,0,0
3fZo9f1RF24iMVBaC6fAiA,0,1,0,0,0,0,0,0,0,0,0,0,0,0,0,0,0
203NXsm7zXESekeZYH8BMB,0,1,0,0,0,0,0,0,0,0,0,0,0,0,0,0,0
387t13BOBNfxBdKP7M1zVA,0,1,0,0,0,0,0,0,0,0,0,0,0,0,0,0,0
4FN4hAK4kq5ttUabGY4FV8,0,1,0,0,0,0,0,0,0,0,0,0,0,0,0,0,0
4Gd5Cxw7V4JCM9Uj6VpiwL,0,1,0,0,0,0,0,0,0,0,0,0,0,0,0,0,0
5d63ekb5zFLC9WSOJOyOyH,0,1,0,0,0,0,0,0,0,0,0,0,0,0,0,0,0
44TGrpEFEvW9fhXVkGCndQ,0,1,0,0,0,0,0,0,0,0,0,0,0,0,0,0,0
542KU00zQ1QgeJLszdPT76,0,1,0,0,0,0,0,0,0,0,0,0,0,0,0,0,0
6V77a97jCpg7vY1Qf8bmoA,0,1,0,0,0,0,0,0,0,0,0,0,0,0,0,0,0
5QNC5tB3bsTo4OC2EgmAS2,0,1,0,0,0,0,0,0,0,0,0,0,0,0,0,0,0
04Z2yHQQIzkA66Gi5edNEd,0,1,0,0,0,0,0,0,0,0,0,0,0,0,0,0,0
0F2FxxvRHu75zMCoxhmuY2,0,1,0,0,0,0,0,0,0,0,0,0,0,0,0,0,0
6kpNA8Qw0jCLDz1Cf8nTeT,0,1,0,0,0,0,0,0,0,0,0,0,0,0,0,0,0
2riMdnoXWLBZOfVSAztTmJ,0,1,0,0,0,0,0,0,0,0,0,0,0,0,0,0,0
0WakOrS1AkGR1JhDHOEJgx,0,1,0,0,0,0,0,0,0,0,0,0,0,0,0,0,0
0KwDT6uhmaPAz6NoGcMC7b,0,1,0,0,0,0,0,0,0,0,0,0,0,0,0,0,0
3gE9U5mNrJewDXN1wU7d8x,0,0,1,0,0,0,0,0,0,0,0,0,0,0,0,0,0
27szvF97Tu95GxN98N52fy,0,0,1,0,0,0,0,0,0,0,0,0,0,0,0,0,0
4nu46lDzPuZG8Uznmohq5g,0,0,1,0,0,0,0,0,0,0,0,0,0,0,0,0,0
5PJX4rUiIHjDoUi3C8jeZm,0,0,1,0,0,0,0,0,0,0,0,0,0,0,0,0,0
2mk87j3RWPdzy0rWIoUP1o,0,0,1,0,0,0,0,0,0,0,0,0,0,0,0,0,0
7pbEoh1Jx2TSN6nAQ93WQz,0,0,1,0,0,0,0,0,0,0,0,0,0,0,0,0,0
1KLFFeO8IV9rQkc3exXqbK,0,0,1,0,0,0,0,0,0,0,0,0,0,0,0,0,0
5e20l8hl7vcF96rYn9FxAM,0,0,1,0,0,0,0,0,0,0,0,0,0,0,0,0,0
0ZijadCTZVQojVqxw5vePf,0,0,1,0,0,0,0,0,0,0,0,0,0,0,0,0,0
4mYDWmlkTTZ2jmHukYppym,0,0,1,0,0,0,0,0,0,0,0,0,0,0,0,0,0
57SRdgtkfzKxzyd4OgEfWW,0,0,1,0,0,0,0,0,0,0,0,0,0,0,0,0,0
1qpj1knVmqUhi2e6oeHqMC,0,0,1,0,0,0,0,0,0,0,0,0,0,0,0,0,0
28y3dy7dsZFxkS9aghsy4B,0,0,1,0,0,0,0,0,0,0,0,0,0,0,0,0,0
2C1nOw1nRxJaBWb9I1x05A,0,0,1,0,0,0,0,0,0,0,0,0,0,0,0,0,0
2uRZUJxvvsndpNpF0vSwDl,0,0,1,0,0,0,0,0,0,0,0,0,0,0,0,0,0
3yWuyh35Khby1Vp9aQJNjn,0,0,1,0,0,0,0,0,0,0,0,0,0,0,0,0,0
0902cldCDA0AjfeO1fyuUJ,0,0,1,0,0,0,0,0,0,0,0,0,0,0,0,0,0
5UbAb88Ow2Hw1wFuhRMhFn,0,0,1,0,0,0,0,0,0,0,0,0,0,0,0,0,0
5K4ExI2qvE1Ule3u7LxUDT,0,0,1,0,0,0,0,0,0,0,0,0,0,0,0,0,0
5EeZRTbeIgaU14bJ0XvTSX,0,0,1,0,0,0,0,0,0,0,0,0,0,0,0,0,0
6Kaay3IIAT9KpLRNNDzbJs,0,0,1,0,0,0,0,0,0,0,0,0,0,0,0,0,0
6GweTH2LzZvKJJ5VwwGELy,0,0,1,0,0,0,0,0,0,0,0,0,0,0,0,0,0
1RI9Qpt8QbYtwfCW8npcO1,0,0,1,0,0,0,0,0,0,0,0,0,0,0,0,0,0
3de3pLWU48fpTNlSuM6tyR,0,0,1,0,0,0,0,0,0,0,0,0,0,0,0,0,0
3JeT6Xcv6MlEHHylk8SKQ1,0,0,1,0,0,0,0,0,0,0,0,0,0,0,0,0,0
5MioM7cyUToVQN7zcIMVxi,0,0,1,0,0,0,0,0,0,0,0,0,0,0,0,0,0
18CtWuhDEwjP915TuYGSEL,0,0,1,0,0,0,0,0,0,0,0,0,0,0,0,0,0
6pdd5njoyfmAFPAm1WWlcP,0,0,1,0,0,0,0,0,0,0,0,0,0,0,0,0,0
2vgOgW5WHCzzAyNp2LKn8m,0,0,1,0,0,0,0,0,0,0,0,0,0,0,0,0,0
4HjJ7BeVW2wGWYNNmGfUqR,0,0,1,0,0,0,0,0,0,0,0,0,0,0,0,0,0
3PXFeaY00P1xAFCTnxZwiD,0,0,1,0,0,0,0,0,0,0,0,0,0,0,0,0,0
4SxoponB2oxqjuOSNYhTjb,0,0,1,0,0,0,0,0,0,0,0,0,0,0,0,0,0
6xnlLSNzRTf8Qzo3Km35hc,0,0,1,0,0,0,0,0,0,0,0,0,0,0,0,0,0
6qINThmTDYBm8twguFRueG,0,0,1,0,0,0,0,0,0,0,0,0,0,0,0,0,0
0rb8uwjyGc37ZPuvLBNGrj,0,0,1,0,0,0,0,0,0,0,0,0,0,0,0,0,0
23VciRIsKDL6JjfhQzTKiY,0,0,1,0,0,0,0,0,0,0,0,0,0,0,0,0,0
71XSjh3gJXavb0c2j0oZ4A,0,0,1,0,0,0,0,0,0,0,0,0,0,0,0,0,0
2bDsmQCRrQKABftWd8DjLG,0,0,1,0,0,0,0,0,0,0,0,0,0,0,0,0,0
4z6eghrbRO5ZJ5YFmZVvSt,0,0,1,0,0,0,0,0,0,0,0,0,0,0,0,0,0
4COOqL5PCPvl5P28r1Yhed,0,0,1,0,0,0,0,0,0,0,0,0,0,0,0,0,0
5rhCWnzsBSMJlkVhTfW4E7,0,0,1,0,0,0,0,0,0,0,0,0,0,0,0,0,0
1UF3y7YPuvH8FtYBTFafHY,0,0,1,0,0,0,0,0,0,0,0,0,0,0,0,0,0
4ZOv9mx6Lz7RRaBFi5UNaE,0,0,1,0,0,0,0,0,0,0,0,0,0,0,0,0,0
4jC2ifws6KbDoXBTkSQiPr,0,0,1,0,0,0,0,0,0,0,0,0,0,0,0,0,0
6syBFNheQcC5HYt4sh6gkC,0,0,1,0,0,0,0,0,0,0,0,0,0,0,0,0,0
3VbrfHyBiVjJxBSCMnjDhG,0,0,1,0,0,0,0,0,0,0,0,0,0,0,0,0,0
5ptcIbVgVbpQtlHASdBUlQ,0,0,1,0,0,0,0,0,0,0,0,0,0,0,0,0,0
2CoxIfJR3baSVx1WrQTH0C,0,0,1,0,0,0,0,0,0,0,0,0,0,0,0,0,0
7itTfRvINzobeP4bXkZ1CA,0,0,1,0,0,0,0,0,0,0,0,0,0,0,0,0,0
5RsH8PkQ4B3Z1awvOdrK6a,0,0,1,0,0,0,0,0,0,0,0,0,0,0,0,0,0
6v2htzfSp1OLprdmiruRWg,0,0,1,0,0,0,0,0,0,0,0,0,0,0,0,0,0
3EA4HwrlLdDJ3b4cX7JfqC,0,0,1,0,0,0,0,0,0,0,0,0,0,0,0,0,0
6mW2IiQDrp66AUjCsRu6Kg,0,0,1,0,0,0,0,0,0,0,0,0,0,0,0,0,0
20Y5XZkFEJ7hEFPQq611vZ,0,0,1,0,0,0,0,0,0,0,0,0,0,0,0,0,0
4xmkYAdkrSfZlB3boMZW8V,0,0,1,0,0,0,0,0,0,0,0,0,0,0,0,0,0
4qll3wRtSGgLmpj7liqNEr,0,0,1,0,0,0,0,0,0,0,0,0,0,0,0,0,0
0z3PfcM1CStQ1enRVO3748,0,0,1,0,0,0,0,0,0,0,0,0,0,0,0,0,0
7mb8p8MJ6zZUgu7b0mKDel,0,0,1,0,0,0,0,0,0,0,0,0,0,0,0,0,0
7nDufsvzemiifuugvyVrk3,0,0,1,0,0,0,0,0,0,0,0,0,0,0,0,0,0
4J3O6xHtIc2xRynvFGKJPn,0,0,1,0,0,0,0,0,0,0,0,0,0,0,0,0,0
5U9bOxDLTuvHjKqtD3m0Ro,0,0,1,0,0,0,0,0,0,0,0,0,0,0,0,0,0
7pfG4tSlLiJCXFCHXpr5os,0,0,1,0,0,0,0,0,0,0,0,0,0,0,0,0,0
5cRDn5aGMLvWsldoRmOOz0,0,0,0,1,0,0,0,0,0,0,0,0,0,0,0,0,0
0Rww3ql3uRmzTvLOVBFlpn,0,0,0,1,0,0,0,0,0,0,0,0,0,0,0,0,0
0E0kfeUYrxB9mlv5vOSKU7,0,0,0,1,0,0,0,0,0,0,0,0,0,0,0,0,0
1bKLxdg9QOkwcOy3PYv7Fk,0,0,0,1,0,0,0,0,0,0,0,0,0,0,0,0,0
4dkRgyXF4JAqAjknCjuRbX,0,0,0,1,0,0,0,0,0,0,0,0,0,0,0,0,0
507UUx311ghfFTMSuHUeyS,0,0,0,1,0,0,0,0,0,0,0,0,0,0,0,0,0
3GG6X47vnwgtMxejiMjOFK,0,0,0,1,0,0,0,0,0,0,0,0,0,0,0,0,0
0OyM0Z2wdidouJdqQKT4e7,0,0,0,1,0,0,0,0,0,0,0,0,0,0,0,0,0
4KaYnQBP5CUorQKKuKmRUO,0,0,0,1,0,0,0,0,0,0,0,0,0,0,0,0,0
6eVu4lMmOK0JF3Fk07he44,0,0,0,1,0,0,0,0,0,0,0,0,0,0,0,0,0
1Mze7crzF9BWo82DiAsmjj,0,0,0,1,0,0,0,0,0,0,0,0,0,0,0,0,0
0AQAdESuhbfV2ldTpO2MYF,0,0,0,1,0,0,0,0,0,0,0,0,0,0,0,0,0
3Exs92d55QC8PESUE6GJbC,0,0,0,1,0,0,0,0,0,0,0,0,0,0,0,0,0
1Lqco93mJOui3cb9MWpT9m,0,0,0,1,0,0,0,0,0,0,0,0,0,0,0,0,0
37tWPZAM7MJwB3l4bbuLG8,0,0,0,1,0,0,0,0,0,0,0,0,0,0,0,0,0
4M2FLzG2Vtmc85ZHYdwoIv,0,0,0,1,0,0,0,0,0,0,0,0,0,0,0,0,0
5wp6dhW0dCOO0TG4MGCIPT,0,0,0,1,0,0,0,0,0,0,0,0,0,0,0,0,0
68xHBNPekcpaxuEkSyeLny,0,0,0,1,0,0,0,0,0,0,0,0,0,0,0,0,0
5QmFlzvXFc75GuAVrXuVLI,0,0,0,1,0,0,0,0,0,0,0,0,0,0,0,0,0
40TkCcQx7xkWkfITzb4VRW,0,0,0,1,0,0,0,0,0,0,0,0,0,0,0,0,0
1MKUYM2oiCX4AtyuEocHBe,0,0,0,1,0,0,0,0,0,0,0,0,0,0,0,0,0
1Ojk0XlwKxvqByaHq6Uviz,0,0,0,1,0,0,0,0,0,0,0,0,0,0,0,0,0
6ukhs32GxwnQBLR1Wwkuc3,0,0,0,1,0,0,0,0,0,0,0,0,0,0,0,0,0
6yZyQ2sDmelY3C6KesOYYL,0,0,0,1,0,0,0,0,0,0,0,0,0,0,0,0,0
2kPj5BX4MeNjLVvmvIoteC,0,0,0,1,0,0,0,0,0,0,0,0,0,0,0,0,0
6Ajfg6IOfQRgemqaTt3w0b,0,0,0,1,0,0,0,0,0,0,0,0,0,0,0,0,0
5Lsr7AauyHMlMNjQzWb0uH,0,0,0,1,0,0,0,0,0,0,0,0,0,0,0,0,0
1Dr2GWTBgcSm29Xz6TMDvW,0,0,0,1,0,0,0,0,0,0,0,0,0,0,0,0,0
2ON6cCZbi7momz4JLx2jTN,0,0,0,1,0,0,0,0,0,0,0,0,0,0,0,0,0
6hNphdzRIjNroU4fyFQGDS,0,0,0,1,0,0,0,0,0,0,0,0,0,0,0,0,0
5hyWRZRsddCDdZrq6Fv4nk,0,0,0,1,0,0,0,0,0,0,0,0,0,0,0,0,0
6RCj3fC9noAbICYFX6ieNY,0,0,0,1,0,0,0,0,0,0,0,0,0,0,0,0,0
5E5erLM9VXmi2kuW247jTb,0,0,0,1,0,0,0,0,0,0,0,0,0,0,0,0,0
5p3NCS0PiNSqXapxAcuQqi,0,0,0,1,0,0,0,0,0,0,0,0,0,0,0,0,0
3tr2fCSawsSxD0EsNCJGH2,0,0,0,1,0,0,0,0,0,0,0,0,0,0,0,0,0
0bhRroouFZ25OrNUcnKTMS,0,0,0,1,0,0,0,0,0,0,0,0,0,0,0,0,0
3wdc5uaqzlG6BMINgk76io,0,0,0,1,0,0,0,0,0,0,0,0,0,0,0,0,0
2snSFuY3Kt6Wwrbw5YR31p,0,0,0,1,0,0,0,0,0,0,0,0,0,0,0,0,0
3wcaYt92DPhOlDr5P45VgL,0,0,0,1,0,0,0,0,0,0,0,0,0,0,0,0,0
0pTPFRllyljfjmAXRhmmNl,0,0,0,1,0,0,0,0,0,0,0,0,0,0,0,0,0
26s70LaOVraReh95siTRbK,0,0,0,1,0,0,0,0,0,0,0,0,0,0,0,0,0
2AL1PKPDYyvHc4W4EUSDFt,0,0,0,1,0,0,0,0,0,0,0,0,0,0,0,0,0
6YultDhgOUR5bd8DNxdWXD,0,0,0,1,0,0,0,0,0,0,0,0,0,0,0,0,0
4l8pRrklNaqv7H1Tah1M5v,0,0,0,1,0,0,0,0,0,0,0,0,0,0,0,0,0
5LhrHqhTqu8cc7cTfKt5gS,0,0,0,1,0,0,0,0,0,0,0,0,0,0,0,0,0
6LW3Z1GqbL78TIjfDyg4zp,0,0,0,1,0,0,0,0,0,0,0,0,0,0,0,0,0
5IfSQQzGijWKd7dbkbqHuN,0,0,0,1,0,0,0,0,0,0,0,0,0,0,0,0,0
3zC1y2tkfVDFMDEA7lT2Fg,0,0,0,1,0,0,0,0,0,0,0,0,0,0,0,0,0
2cLs0DaDWkecfY0Py9lRb8,0,0,0,1,0,0,0,0,0,0,0,0,0,0,0,0,0
1Kc8q53SKJxKlfhgpP8viw,0,0,0,1,0,0,0,0,0,0,0,0,0,0,0,0,0
0mqBXBoD2Ph1liAfzetIZH,0,0,0,1,0,0,0,0,0,0,0,0,0,0,0,0,0
5XGuUQlWenKLtvTeQY3dvE,0,0,0,1,0,0,0,0,0,0,0,0,0,0,0,0,0
4EsFXXYwZYh4GD37aff1Db,0,0,0,1,0,0,0,0,0,0,0,0,0,0,0,0,0
0DeJhfdDjLhtr8qdFqAncf,0,0,0,1,0,0,0,0,0,0,0,0,0,0,0,0,0
2HqF0PjW90LwF0AUP4j3QO,0,0,0,1,0,0,0,0,0,0,0,0,0,0,0,0,0
2rY8KKXTr9XOMn0IdpBBXm,0,0,0,1,0,0,0,0,0,0,0,0,0,0,0,0,0
2XTVCQI1LwJOiwKGA14co2,0,0,0,1,0,0,0,0,0,0,0,0,0,0,0,0,0
1LPcVBiNDLB3TljELa22jI,0,0,0,1,0,0,0,0,0,0,0,0,0,0,0,0,0
2q7kfK2s7o9L6UXY857PDc,0,0,0,1,0,0,0,0,0,0,0,0,0,0,0,0,0
2jtlU6H5C9WFB0x72f6YGo,0,0,0,1,0,0,0,0,0,0,0,0,0,0,0,0,0
5mk5IUHKpdL0MBr6IY69hV,0,0,0,1,0,0,0,0,0,0,0,0,0,0,0,0,0
6vON1FN7dSZ7Qg7I0LQmo3,0,0,0,1,0,0,0,0,0,0,0,0,0,0,0,0,0
3DEOsCKFcseZtobrpOH2J7,0,0,0,1,0,0,0,0,0,0,0,0,0,0,0,0,0
5U8yCI4bgKk2qfGz2hJPU5,0,0,0,1,0,0,0,0,0,0,0,0,0,0,0,0,0
3qlnJxqARqYZdbjdqTC5KL,0,0,0,1,0,0,0,0,0,0,0,0,0,0,0,0,0
4yRf28RTE920rNFkx4upln,0,0,0,1,0,0,0,0,0,0,0,0,0,0,0,0,0
4uuUmMthi2ccMIcZjm7JgG,0,0,0,1,0,0,0,0,0,0,0,0,0,0,0,0,0
6bUlKNTAOA2EUg4CQ4PtJb,0,0,0,1,0,0,0,0,0,0,0,0,0,0,0,0,0
6KWmpXuoruc9l68pAEEYL6,0,0,0,1,0,0,0,0,0,0,0,0,0,0,0,0,0
7hcQJDXEMJ1606e18ov4mh,0,0,0,1,0,0,0,0,0,0,0,0,0,0,0,0,0
3VmYgQHzoC8q2tWdXAC0T4,0,0,0,1,0,0,0,0,0,0,0,0,0,0,0,0,0
68IobwPw3ozbnp2tNjuh9j,0,0,0,1,0,0,0,0,0,0,0,0,0,0,0,0,0
2AM9WtRMloKC0k4dl4Uvg7,0,0,0,1,0,0,0,0,0,0,0,0,0,0,0,0,0
18iFN3VoOZzULEZGSBqHZL,0,0,0,1,0,0,0,0,0,0,0,0,0,0,0,0,0
43DeMuEuwfEZ6FRLbpHMVb,0,0,0,1,0,0,0,0,0,0,0,0,0,0,0,0,0
2QwrfFDkPDemgkF9zoiBZY,0,0,0,1,0,0,0,0,0,0,0,0,0,0,0,0,0
3e3vnMRzSUO9ZOxGquaeqC,0,0,0,1,0,0,0,0,0,0,0,0,0,0,0,0,0
1Zp7MCEhY0DhdkpSRCxRu9,0,0,0,1,0,0,0,0,0,0,0,0,0,0,0,0,0
4GTiaWj1zkQktmEBcdzc2x,0,0,0,1,0,0,0,0,0,0,0,0,0,0,0,0,0
1qniqndmNiwkUJpffgE6PA,0,0,0,1,0,0,0,0,0,0,0,0,0,0,0,0,0
4c2smAeDTcFZCLfs0rC1rC,0,0,0,1,0,0,0,0,0,0,0,0,0,0,0,0,0
0KbZTlBZwKx3hZWvqkzXju,0,0,0,1,0,0,0,0,0,0,0,0,0,0,0,0,0
5W20Q0w9soiWuecUQBAQTJ,0,0,0,1,0,0,0,0,0,0,0,0,0,0,0,0,0
6K8vq2QV9ezdTQ9EdIH4WI,0,0,0,1,0,0,0,0,0,0,0,0,0,0,0,0,0
52UFPPFMnUzaWfiU8oYgpw,0,0,0,1,0,0,0,0,0,0,0,0,0,0,0,0,0
1F6eHoMYtPe47ZgHkrbGfS,0,0,0,1,0,0,0,0,0,0,0,0,0,0,0,0,0
0G3BHEXZb9VseRSVD7kdKo,0,0,0,1,0,0,0,0,0,0,0,0,0,0,0,0,0
2jsmSLoX8y0h6k4YzDCFH1,0,0,0,1,0,0,0,0,0,0,0,0,0,0,0,0,0
5gCUlqoZlbJHTp9PKLnLpm,0,0,0,1,0,0,0,0,0,0,0,0,0,0,0,0,0
2EmJvjdyy8ciXrzh1N7i9K,0,0,0,1,0,0,0,0,0,0,0,0,0,0,0,0,0
0pKl9R1UNfEiaFgJ6u4PPK,0,0,0,1,0,0,0,0,0,0,0,0,0,0,0,0,0
7DJkK9rY3HG96yGgRBv172,0,0,0,1,0,0,0,0,0,0,0,0,0,0,0,0,0
6kqjy4FPMdkMtRMqJJ8AxN,0,0,0,1,0,0,0,0,0,0,0,0,0,0,0,0,0
3aE4H40sir4lVzMG7MxYBj,0,0,0,1,0,0,0,0,0,0,0,0,0,0,0,0,0
7CiZj5S4E5FVboR0yLVLzc,0,0,0,1,0,0,0,0,0,0,0,0,0,0,0,0,0
0iLk17qRwCZYQVVKTTOfn5,0,0,0,1,0,0,0,0,0,0,0,0,0,0,0,0,0
3oeBaOmuWeNPjCVpWPjUvg,0,0,0,1,0,0,0,0,0,0,0,0,0,0,0,0,0
08ehU9pK3XiSf3W0mGlPeB,0,0,0,1,0,0,0,0,0,0,0,0,0,0,0,0,0
4Y2glvLjQGOb4dXnwm1hQf,0,0,0,1,0,0,0,0,0,0,0,0,0,0,0,0,0
10D86YGR3We6CVamLdMKVN,0,0,0,1,0,0,0,0,0,0,0,0,0,0,0,0,0
2Ud3deeqLAG988pfW0Kwcl,0,0,0,0,1,0,0,0,0,0,0,0,0,0,0,0,0
4wmSIyL4v3td5czmaaTyuR,0,0,0,0,1,0,0,0,0,0,0,0,0,0,0,0,0
4vEmn8wgaNeGhwpc448IXD,0,0,0,0,1,0,0,0,0,0,0,0,0,0,0,0,0
2xKtysjQiMZ8sFQieJDEAL,0,0,0,0,1,0,0,0,0,0,0,0,0,0,0,0,0
0eQ5e64iUNzx9lzyg7p4DM,0,0,0,0,1,0,0,0,0,0,0,0,0,0,0,0,0
3XhIcZ2fwAGYZNdFN3RIgD,0,0,0,0,1,0,0,0,0,0,0,0,0,0,0,0,0
24PqR040n1lcb5xygrgTMz,0,0,0,0,1,0,0,0,0,0,0,0,0,0,0,0,0
2cmRpmO04TLaKPzmAzySYZ,0,0,0,0,1,0,0,0,0,0,0,0,0,0,0,0,0
4Hff1IjRbLGeLgFgxvHflk,0,0,0,0,1,0,0,0,0,0,0,0,0,0,0,0,0
4eAWSRBAOL9YRdUeWJoLEX,0,0,0,0,1,0,0,0,0,0,0,0,0,0,0,0,0
7qW7YXIBWbSvNNW66QsAo9,0,0,0,0,1,0,0,0,0,0,0,0,0,0,0,0,0
0oeEqyEAavgPfFxDYvjAP6,0,0,0,0,1,0,0,0,0,0,0,0,0,0,0,0,0
5byg2b7vgPtv5tqbOBXEsL,0,0,0,0,1,0,0,0,0,0,0,0,0,0,0,0,0
4UXIUeistNzMseqDtgWA6d,0,0,0,0,1,0,0,0,0,0,0,0,0,0,0,0,0
3FtYbEfBqAlGO46NUDQSAt,0,0,0,0,1,0,0,0,0,0,0,0,0,0,0,0,0
2ePGP9MI8dTNjq5NkNBPdA,0,0,0,0,1,0,0,0,0,0,0,0,0,0,0,0,0
3mQPkiyrAjHBRIfJzKbLsV,0,0,0,0,1,0,0,0,0,0,0,0,0,0,0,0,0
6pjeEXLgPO0KWDm30ceoOB,0,0,0,0,1,0,0,0,0,0,0,0,0,0,0,0,0
0Ct2XTT4UBt9Y196i0Ido2,0,0,0,0,1,0,0,0,0,0,0,0,0,0,0,0,0
5JvfEtgmc0imjQGhnqXaLL,0,0,0,0,1,0,0,0,0,0,0,0,0,0,0,0,0
67G4dvNGQATgqzJAXUsfjK,0,0,0,0,1,0,0,0,0,0,0,0,0,0,0,0,0
56Yhoa0TWv1sItVAN2MX2H,0,0,0,0,1,0,0,0,0,0,0,0,0,0,0,0,0
2NWNUHgKs2y7FP35PFWX1t,0,0,0,0,1,0,0,0,0,0,0,0,0,0,0,0,0
7rooMZ5kM1VtrWvfGUPZps,0,0,0,0,1,0,0,0,0,0,0,0,0,0,0,0,0
7Egh7Lhuse77CeQy6I5IhO,0,0,0,0,1,0,0,0,0,0,0,0,0,0,0,0,0
6jRAiWrKhURIcFGPEeMnsD,0,0,0,0,1,0,0,0,0,0,0,0,0,0,0,0,0
7HDWE2Ib7cjkhzULV4K8y3,0,0,0,0,1,0,0,0,0,0,0,0,0,0,0,0,0
7zgTGTGJboLjGBw0wbJQz4,0,0,0,0,1,0,0,0,0,0,0,0,0,0,0,0,0
1jJci4qxiYcOHhQR247rEU,0,0,0,0,1,0,0,0,0,0,0,0,0,0,0,0,0
15lhkYkOFDrNCzvfkhHJNB,0,0,0,0,1,0,0,0,0,0,0,0,0,0,0,0,0
6K4t31amVTZDgR3sKmwUJJ,0,0,0,0,1,0,0,0,0,0,0,0,0,0,0,0,0
2dngx6srtqsxvyh7oGV8FM,0,0,0,0,1,0,0,0,0,0,0,0,0,0,0,0,0
4VswyxPutcmt8Kk4Yhpvid,0,0,0,0,1,0,0,0,0,0,0,0,0,0,0,0,0
1amSa5xo79zINsgrpNlNge,0,0,0,0,1,0,0,0,0,0,0,0,0,0,0,0,0
5ZrrXIYTvjXPKVQMjqaumR,0,0,0,0,1,0,0,0,0,0,0,0,0,0,0,0,0
0c4IEciLCDdXEhhKxj4ThA,0,0,0,0,1,0,0,0,0,0,0,0,0,0,0,0,0
5YXr4AGfUQpLSxtFSsKUh6,0,0,0,0,1,0,0,0,0,0,0,0,0,0,0,0,0
1GbkLlNlETg1Ki5rKHerxV,0,0,0,0,1,0,0,0,0,0,0,0,0,0,0,0,0
6GyFP1nfCDB8lbD2bG0Hq9,0,0,0,0,1,0,0,0,0,0,0,0,0,0,0,0,0
1Q31xsW1vtLUc5cb8okvok,0,0,0,0,1,0,0,0,0,0,0,0,0,0,0,0,0
6XTAAKLGIP4vCCHA2ZNM9u,0,0,0,0,1,0,0,0,0,0,0,0,0,0,0,0,0
5HeKOKc4phmLn8e4I7EkzD,0,0,0,0,1,0,0,0,0,0,0,0,0,0,0,0,0
0ike69l9wfLAoyy7dZ6oyZ,0,0,0,0,1,0,0,0,0,0,0,0,0,0,0,0,0
2aAV8orZctvbDvVJnMDlBR,0,0,0,0,1,0,0,0,0,0,0,0,0,0,0,0,0
2zaiy1zO9sM4YrOvCcZaU7,0,0,0,0,1,0,0,0,0,0,0,0,0,0,0,0,0
6jMaEwSMVJmgPi5lvkgFTX,0,0,0,0,1,0,0,0,0,0,0,0,0,0,0,0,0
305tGJy16yTTFe6Ya9nMKJ,0,0,0,0,1,0,0,0,0,0,0,0,0,0,0,0,0
0q6LuUqGLUiCPP1cbdwFs3,0,0,0,0,1,0,0,0,0,0,0,0,0,0,0,0,0
1kWxtduiH41fX8GC8hQgdp,0,0,0,0,1,0,0,0,0,0,0,0,0,0,0,0,0
5AtDUE1dzX1v962kqqMBFc,0,0,0,0,1,0,0,0,0,0,0,0,0,0,0,0,0
6lq6EqSIOA65M8OfRUp8NL,0,0,0,0,1,0,0,0,0,0,0,0,0,0,0,0,0
4CLZlTPjaKqbadAJc031OQ,0,0,0,0,1,0,0,0,0,0,0,0,0,0,0,0,0
27gCskn2A1vpbADm9HuFyk,0,0,0,0,1,0,0,0,0,0,0,0,0,0,0,0,0
1cBxAm8a0fENn2ix3Dfm3u,0,0,0,0,1,0,0,0,0,0,0,0,0,0,0,0,0
5jO7aEqQrPnf7KpMS7OIB5,0,0,0,0,1,0,0,0,0,0,0,0,0,0,0,0,0
2X2B4cPe7NAyJFVVS5qxqA,0,0,0,0,1,0,0,0,0,0,0,0,0,0,0,0,0
6q6PeTloTbL2vb1Gt9sQQc,0,0,0,0,1,0,0,0,0,0,0,0,0,0,0,0,0
6kjZSizwQ2xyBmycf8WPlK,0,0,0,0,1,0,0,0,0,0,0,0,0,0,0,0,0
2An6N9gMUuhRln1smrPsjP,0,0,0,0,1,0,0,0,0,0,0,0,0,0,0,0,0
5UtuAuAH78g8LX5LGDS2bu,0,0,0,0,1,0,0,0,0,0,0,0,0,0,0,0,0
0U0p8weaMIbIFMJ0CPlvHV,0,0,0,0,1,0,0,0,0,0,0,0,0,0,0,0,0
7jYUaoOfdcYgUvkK8NnFfx,0,0,0,0,1,0,0,0,0,0,0,0,0,0,0,0,0
5JOO8UMaEpOfhhatQQsAqm,0,0,0,0,1,0,0,0,0,0,0,0,0,0,0,0,0
2MmbJLNBdcGCCXfm2ubPOK,0,0,0,0,1,0,0,0,0,0,0,0,0,0,0,0,0
09J3NVQcf22QNl23QPOZbe,0,0,0,0,1,0,0,0,0,0,0,0,0,0,0,0,0
4VqPOruhp5EdPBeR92t6lQ,0,0,0,0,1,0,0,0,0,0,0,0,0,0,0,0,0
5w6amHqMxl0yFEkhsZt0Tk,0,0,0,0,1,0,0,0,0,0,0,0,0,0,0,0,0
6J24cK0XA6YuYbRmaTykEh,0,0,0,0,1,0,0,0,0,0,0,0,0,0,0,0,0
2708GtXAbfAA59GcNFM7iW,0,0,0,0,1,0,0,0,0,0,0,0,0,0,0,0,0
5Telj6IS9PG6vn3PatM2Dm,0,0,0,0,1,0,0,0,0,0,0,0,0,0,0,0,0
4EBisBBehGON4ESJsNZBsP,0,0,0,0,1,0,0,0,0,0,0,0,0,0,0,0,0
6zG7Z4BZnOmSXMWHfOx5la,0,0,0,0,1,0,0,0,0,0,0,0,0,0,0,0,0
25nzKGDiua1lE9Qo5V19GL,0,0,0,0,1,0,0,0,0,0,0,0,0,0,0,0,0
19APZxhkCwcWBcKr8buDY0,0,0,0,0,0,1,0,0,0,0,0,0,0,0,0,0,0
45pRhL0kqZhXlsD3bqwpuP,0,0,0,0,0,1,0,0,0,0,0,0,0,0,0,0,0
4iZOUiDRtq471kosN93NL6,0,0,0,0,0,1,0,0,0,0,0,0,0,0,0,0,0
2uFzfi3KPP1F4DiIoB6QPI,0,0,0,0,0,1,0,0,0,0,0,0,0,0,0,0,0
1NGJu5Ym7DlbBuTMaGTvWc,0,0,0,0,0,1,0,0,0,0,0,0,0,0,0,0,0
1c2CzwCYFb5eGjZuvbCxYw,0,0,0,0,0,1,0,0,0,0,0,0,0,0,0,0,0
595gOHB1oO9967FRA8GIxT,0,0,0,0,0,1,0,0,0,0,0,0,0,0,0,0,0
7z0I4gVWfzrdiMPyYc6pD1,0,0,0,0,0,1,0,0,0,0,0,0,0,0,0,0,0
5HVjReug9vY7yN4Iu9QsrH,0,0,0,0,0,1,0,0,0,0,0,0,0,0,0,0,0
4ITXpiuQD9c9NOEiVrDjG2,0,0,0,0,0,0,1,0,0,0,0,0,0,0,0,0,0
5CFklJpf00dXAofJGzVueQ,0,0,0,0,0,0,1,0,0,0,0,0,0,0,0,0,0
2xgX6htrEkyF90i6cwnOf6,0,0,0,0,0,0,1,0,0,0,0,0,0,0,0,0,0
5GSiW5PowBQibaKHFCxY9Y,0,0,0,0,0,0,1,0,0,0,0,0,0,0,0,0,0
47Y1g7DSCd2jcn9e357fmD,0,0,0,0,0,0,1,0,0,0,0,0,0,0,0,0,0
4kmIO0yPq92dXtKCL28RfC,0,0,0,0,0,0,1,0,0,0,0,0,0,0,0,0,0
3zmduBNsQ6BPDTZAkXzG5K,0,0,0,0,0,0,1,0,0,0,0,0,0,0,0,0,0
2wejGyQOe1X0SxEeGzx8HH,0,0,0,0,0,0,1,0,0,0,0,0,0,0,0,0,0
4FU9xUJc2VtOkNaeD8U1LA,0,0,0,0,0,0,1,0,0,0,0,0,0,0,0,0,0
2ovQyd0G6i1s6irAQvo4CC,0,0,0,0,0,0,1,0,0,0,0,0,0,0,0,0,0
5bR0w4opDMDhjecffDnPRL,0,0,0,0,0,0,1,0,0,0,0,0,0,0,0,0,0
5BtN3kFKoISSWFpXWz7O4L,0,0,0,0,0,0,1,0,0,0,0,0,0,0,0,0,0
3UaqMekEh1kbVu2A6DwiQs,0,0,0,0,0,0,1,0,0,0,0,0,0,0,0,0,0
4OKXvqtfwlvY2fYJ2lzHPH,0,0,0,0,0,0,1,0,0,0,0,0,0,0,0,0,0
1tv6IvWoOilhj0XbBoVVMo,0,0,0,0,0,0,1,0,0,0,0,0,0,0,0,0,0
08XsGcmiCVgQTws2uJWDxl,0,0,0,0,0,0,1,0,0,0,0,0,0,0,0,0,0
05nTn7qBjn0RPKV9J6BSaK,0,0,0,0,0,0,1,0,0,0,0,0,0,0,0,0,0
0e7S689mFbBnIWTWtjc4b4,0,0,0,0,0,0,1,0,0,0,0,0,0,0,0,0,0
5DOJEIoTVoRxDfQwzNN2Da,0,0,0,0,0,0,1,0,0,0,0,0,0,0,0,0,0
289MmJCmxYMxC54ZHcd9G0,0,0,0,0,0,0,1,0,0,0,0,0,0,0,0,0,0
5FEBritagmW6iAy5wL5uXg,0,0,0,0,0,0,1,0,0,0,0,0,0,0,0,0,0
3KcsyKN0GyGQYGZJJhIx3L,0,0,0,0,0,0,1,0,0,0,0,0,0,0,0,0,0
4rZDEv1NfYXkut281NtCnE,0,0,0,0,0,0,1,0,0,0,0,0,0,0,0,0,0
60geMByGdlcGGMR5R5ZjHE,0,0,0,0,0,0,1,0,0,0,0,0,0,0,0,0,0
2jKoVlU7VAmExKJ1Jh3w9P,0,0,0,0,0,0,1,0,0,0,0,0,0,0,0,0,0
1tdc73ozehKPyRWRKs0lja,0,0,0,0,0,0,1,0,0,0,0,0,0,0,0,0,0
65iyI1iybyv5ecsfBHSdUf,0,0,0,0,0,0,1,0,0,0,0,0,0,0,0,0,0
79t5idiRhbDB1oLaVcTVsD,0,0,0,0,0,0,1,0,0,0,0,0,0,0,0,0,0
3ssX20QT5c3nA9wk78V1LQ,0,0,0,0,0,0,1,0,0,0,0,0,0,0,0,0,0
5Ddu4AaN1VaZ1MTg1neCl7,0,0,0,0,0,0,1,0,0,0,0,0,0,0,0,0,0
4und2R8WCuxshOsW5udegX,0,0,0,0,0,0,1,0,0,0,0,0,0,0,0,0,0
0WKYRFtH6KKbaNWjsxqm70,0,0,0,0,0,0,1,0,0,0,0,0,0,0,0,0,0
1BZm0t49YEhM8xbTINoQKp,0,0,0,0,0,0,1,0,0,0,0,0,0,0,0,0,0
2Ot0uvEyjLmwK7vy198HsE,0,0,0,0,0,0,1,0,0,0,0,0,0,0,0,0,0
0CmKVB27qZ6JQ67vaY5EHe,0,0,0,0,0,0,1,0,0,0,0,0,0,0,0,0,0
0udnID709nHRLOmkf6lKHP,0,0,0,0,0,0,1,0,0,0,0,0,0,0,0,0,0
4rZDEv1NfYXkut281NtCnE,0,0,0,0,0,0,1,0,0,0,0,0,0,0,0,0,0
33ZXjLCpiINn8eQIDYEPTD,0,0,0,0,0,0,1,0,0,0,0,0,0,0,0,0,0
2wzMOVWqLMBNx7wVvJ7tt0,0,0,0,0,0,0,1,0,0,0,0,0,0,0,0,0,0
79lmvU7Qmc8QpXilbSk37z,0,0,0,0,0,0,1,0,0,0,0,0,0,0,0,0,0
19gEmPjfqSZT0ulDRfjl0m,0,0,0,0,0,0,1,0,0,0,0,0,0,0,0,0,0
56MlNnwXnt5blJebN4jkHr,0,0,0,0,0,0,1,0,0,0,0,0,0,0,0,0,0
0ZDGpQPvzYB1EFHHd6QfZ9,0,0,0,0,0,0,1,0,0,0,0,0,0,0,0,0,0
0WON7GUPcug0IX0tVtMDMV,0,0,0,0,0,0,1,0,0,0,0,0,0,0,0,0,0
4tnLytvpt43tn0YdZXTAhi,0,0,0,0,0,0,1,0,0,0,0,0,0,0,0,0,0
6wnh88krrXSXg1CJgEiuKy,0,0,0,0,0,0,1,0,0,0,0,0,0,0,0,0,0
7l3sjaDdNLDZ8paYkwgIot,0,0,0,0,0,0,1,0,0,0,0,0,0,0,0,0,0
4Tjh34RS4ACZ6f6srlDBg8,0,0,0,0,0,0,1,0,0,0,0,0,0,0,0,0,0
1lnPwGXiXnYwUp0Nd6izON,0,0,0,0,0,0,1,0,0,0,0,0,0,0,0,0,0
0B2ZuTLZnWQ6gz8RlNwBu1,0,0,0,0,0,0,1,0,0,0,0,0,0,0,0,0,0
5TTFD5DuFhQOrs0RJxGDbD,0,0,0,0,0,0,1,0,0,0,0,0,0,0,0,0,0
5zkMLiZLve4jFLGyqoKFMt,0,0,0,0,0,0,1,0,0,0,0,0,0,0,0,0,0
48fEJFoMx9AQFq9SeppTz1,0,0,0,0,0,0,1,0,0,0,0,0,0,0,0,0,0
2oMOqX9k4k16odibNkYyrD,0,0,0,0,0,0,1,0,0,0,0,0,0,0,0,0,0
4dRniFxRxKT606rHTuEl3c,0,0,0,0,0,0,1,0,0,0,0,0,0,0,0,0,0
7JeKXMQKm6GoLGTkNy2jZ0,0,0,0,0,0,0,1,0,0,0,0,0,0,0,0,0,0
2rlcCS6vJSTrRMjsmVkoFY,0,0,0,0,0,0,1,0,0,0,0,0,0,0,0,0,0
3ORfa5ilEthp2U0TRcv7kv,0,0,0,0,0,0,1,0,0,0,0,0,0,0,0,0,0
2I9foKseoFQh07p6sD2voE,0,0,0,0,0,0,1,0,0,0,0,0,0,0,0,0,0
4zGvb8hxGLB2jEPRFiRRqw,0,0,0,0,0,0,1,0,0,0,0,0,0,0,0,0,0
62duQFVb51gug9ajR6Qdiz,0,0,0,0,0,0,1,0,0,0,0,0,0,0,0,0,0
4wDIkAhzRRivB4iwN6KPVD,0,0,0,0,0,0,1,0,0,0,0,0,0,0,0,0,0
5880eYQmXx3c3oD22IljIt,0,0,0,0,0,0,1,0,0,0,0,0,0,0,0,0,0
4l3ucO4UCnpL4ZoAoHFWYc,0,0,0,0,0,0,1,0,0,0,0,0,0,0,0,0,0
7MVYyKKb1WB445duDnrqx5,0,0,0,0,0,0,1,0,0,0,0,0,0,0,0,0,0
3u9fHuAtjMY1RW2mZfO4Cf,0,0,0,0,0,0,1,0,0,0,0,0,0,0,0,0,0
0aq7ohTG6VDYQvsnAYtA5e,0,0,0,0,0,0,1,0,0,0,0,0,0,0,0,0,0
6ScJMrlpiLfZUGtWp4QIVt,0,0,0,0,0,0,1,0,0,0,0,0,0,0,0,0,0
0z5ZPs57J2KERwM1tBM2GF,0,0,0,0,0,0,1,0,0,0,0,0,0,0,0,0,0
1XkPiz7S5r7DL826EJH4a6,0,0,0,0,0,0,1,0,0,0,0,0,0,0,0,0,0
20J4PsTUw7a4d05Zt6lHWx,0,0,0,0,0,0,1,0,0,0,0,0,0,0,0,0,0
23wfXwnsPZYe5A1xXRHb3J,0,0,0,0,0,0,1,0,0,0,0,0,0,0,0,0,0
7lgvU7WnwcNZ8dbGUz8yhP,0,0,0,0,0,0,1,0,0,0,0,0,0,0,0,0,0
3CpoeW0cZSDzIRv5z34F87,0,0,0,0,0,0,1,0,0,0,0,0,0,0,0,0,0
4xkOaSrkexMciUUogZKVTS,0,0,0,0,0,0,1,0,0,0,0,0,0,0,0,0,0
2dUkCUXXoknwsLwuGaL4bA,0,0,0,0,0,0,1,0,0,0,0,0,0,0,0,0,0
4D9w3NpuwEt5IKhEMftn7M,0,0,0,0,0,0,1,0,0,0,0,0,0,0,0,0,0
3IrkbGQCoEPAkzJ0Tkv8nm,0,0,0,0,0,0,1,0,0,0,0,0,0,0,0,0,0
7sLpSWxQazJzDVG6YGzlVs,0,0,0,0,0,0,1,0,0,0,0,0,0,0,0,0,0
3WgTbafC5uRpdQdFndQYxE,0,0,0,0,0,0,1,0,0,0,0,0,0,0,0,0,0
6jFGs4RjefAi5Kf7F35bht,0,0,0,0,0,0,1,0,0,0,0,0,0,0,0,0,0
7MDKvOzNgAJ3KMCtaP2UOa,0,0,0,0,0,0,1,0,0,0,0,0,0,0,0,0,0
4awpwf3TeFWOtLiswRbKfr,0,0,0,0,0,0,1,0,0,0,0,0,0,0,0,0,0
7xVLFuuYdAvcTfcP3IG3dS,0,0,0,0,0,0,1,0,0,0,0,0,0,0,0,0,0
2TK4NQXWehLphjpXTYxu1H,0,0,0,0,0,0,1,0,0,0,0,0,0,0,0,0,0
1SWVDBtw6h3tm9OehOkDhv,0,0,0,0,0,0,1,0,0,0,0,0,0,0,0,0,0
4LujRMTMwAfFKjm45tixHY,0,0,0,0,0,0,1,0,0,0,0,0,0,0,0,0,0
5stZnlPMYz3Ba8Hbo3ajlP,0,0,0,0,0,0,1,0,0,0,0,0,0,0,0,0,0
1t5SwrsoHVHeWFIYkRcArP,0,0,0,0,0,0,1,0,0,0,0,0,0,0,0,0,0
6qkZ6D3ogNyW2YDWsz7e3z,0,0,0,0,0,0,1,0,0,0,0,0,0,0,0,0,0
4PmMVdIFpJTB9WQbmILf4p,0,0,0,0,0,0,1,0,0,0,0,0,0,0,0,0,0
1waF10M9885TamPSsiK3hs,0,0,0,0,0,0,1,0,0,0,0,0,0,0,0,0,0
5eSICHlwmLePU2VCmpwOyf,0,0,0,0,0,0,1,0,0,0,0,0,0,0,0,0,0
24vNw0Z0srb4zYXwrakw8E,0,0,0,0,0,0,1,0,0,0,0,0,0,0,0,0,0
6dWNtdXVsT4t5oqN4rpN2U,0,0,0,0,0,0,1,0,0,0,0,0,0,0,0,0,0
58YBY8OiX56vQhcHUgul9m,0,0,0,0,0,0,1,0,0,0,0,0,0,0,0,0,0
55MzgLFlIz9I5s5CwAWXeE,0,0,0,0,0,0,1,0,0,0,0,0,0,0,0,0,0
0hBMEPmcDPAYaG4Y0PkTFN,0,0,0,0,0,0,1,0,0,0,0,0,0,0,0,0,0
3SPpLZegmKN8new0TcR5Nw,0,0,0,0,0,0,1,0,0,0,0,0,0,0,0,0,0
49TrrciRvL6X0VSP4Q3HhA,0,0,0,0,0,0,1,0,0,0,0,0,0,0,0,0,0
3QeEf7TMugwZkmn0hPmXio,0,0,0,0,0,0,0,1,0,0,0,0,0,0,0,0,0
7qK0mNHVdVbnqt3Prd26Vs,0,0,0,0,0,0,0,1,0,0,0,0,0,0,0,0,0
2Uky2FZyXXf6aG1RQkOUpN,0,0,0,0,0,0,0,1,0,0,0,0,0,0,0,0,0
7aKme0bvekUFoMI0cHGIRk,0,0,0,0,0,0,0,1,0,0,0,0,0,0,0,0,0
0YHL0wDP6b7ov6h0yEhorO,0,0,0,0,0,0,0,1,0,0,0,0,0,0,0,0,0
1jMLnxcvZqaTlzuKdvh05N,0,0,0,0,0,0,0,1,0,0,0,0,0,0,0,0,0
6JRzMGFKTgf5c76qV6uT9F,0,0,0,0,0,0,0,1,0,0,0,0,0,0,0,0,0
5L8owxNIG4jrrm0JooTL9J,0,0,0,0,0,0,0,1,0,0,0,0,0,0,0,0,0
6c0vdY5EZOx8g95uWcp3uI,0,0,0,0,0,0,0,1,0,0,0,0,0,0,0,0,0
4v0pQjXKhn23KCOymfoSsh,0,0,0,0,0,0,0,1,0,0,0,0,0,0,0,0,0
5iDLhuuyf5FxlbVyfOx2vp,0,0,0,0,0,0,0,1,0,0,0,0,0,0,0,0,0
0OKHUom3gY9xWago6Y1BKk,0,0,0,0,0,0,0,1,0,0,0,0,0,0,0,0,0
5SdosZFiok1BS9LkWexfFQ,0,0,0,0,0,0,0,1,0,0,0,0,0,0,0,0,0
1a3M9MU7mmhQerLzHSGD3w,0,0,0,0,0,0,0,1,0,0,0,0,0,0,0,0,0
4Y0mxfotUhzTeFJySxhaD4,0,0,0,0,0,0,0,1,0,0,0,0,0,0,0,0,0
26aTIeF87ZP7IprFP3vqbi,0,0,0,0,0,0,0,1,0,0,0,0,0,0,0,0,0
7mc5jjo6PkhbMF9vQzUK3Q,0,0,0,0,0,0,0,1,0,0,0,0,0,0,0,0,0
13iggCttHe1aj0O9wVQxC7,0,0,0,0,0,0,0,1,0,0,0,0,0,0,0,0,0
5u6MUAawmhnFHVGaAGDj2v,0,0,0,0,0,0,0,1,0,0,0,0,0,0,0,0,0
3b7voqOsxGV1gMcHVSri8N,0,0,0,0,0,0,0,1,0,0,0,0,0,0,0,0,0
2jkoanGKXN9I3gfeYo4aph,0,0,0,0,0,0,0,1,0,0,0,0,0,0,0,0,0
3ppJijBGMSBnz45elmwh5V,0,0,0,0,0,0,0,1,0,0,0,0,0,0,0,0,0
7qyFlRMfN3B1eUXzKoVRw2,0,0,0,0,0,0,0,1,0,0,0,0,0,0,0,0,0
6VQye74oX8FYIXUKI7feiG,0,0,0,0,0,0,0,1,0,0,0,0,0,0,0,0,0
0zolxiS5uiL5towOJrsJi4,0,0,0,0,0,0,0,1,0,0,0,0,0,0,0,0,0
4WNpRHWCjNNKeqrPSbdkH4,0,0,0,0,0,0,0,1,0,0,0,0,0,0,0,0,0
4UJie4npIuGkiA8rkndBS6,0,0,0,0,0,0,0,1,0,0,0,0,0,0,0,0,0
2fR4NdUZJditzpS2iBWxiY,0,0,0,0,0,0,0,1,0,0,0,0,0,0,0,0,0
22iyqD0gyzWHy6oAvPVAWk,0,0,0,0,0,0,0,1,0,0,0,0,0,0,0,0,0
52173U8Lw9eFYIQUGZUpQT,0,0,0,0,0,0,0,1,0,0,0,0,0,0,0,0,0
0N4QGYBSaeRwmo4pxuEG0x,0,0,0,0,0,0,0,1,0,0,0,0,0,0,0,0,0
6HRQ2TCrIFhZpIdI9DyhEh,0,0,0,0,0,0,0,1,0,0,0,0,0,0,0,0,0
2sOsqYmkFRoxLaqbqGyjLG,0,0,0,0,0,0,0,1,0,0,0,0,0,0,0,0,0
3pr7N1tEtoQbJUlediJWJ3,0,0,0,0,0,0,0,1,0,0,0,0,0,0,0,0,0
1UFkRFGEDkTafQF55tiQvY,0,0,0,0,0,0,0,1,0,0,0,0,0,0,0,0,0
2fd3xKY5HZZKaS9Ynvynb1,0,0,0,0,0,0,0,1,0,0,0,0,0,0,0,0,0
7q2EWEolm4VaE1qAnl7c1W,0,0,0,0,0,0,0,1,0,0,0,0,0,0,0,0,0
36KGP1dk6Pq4Vaalswving,0,0,0,0,0,0,0,1,0,0,0,0,0,0,0,0,0
5DWoPJxISs9VMRCJBzujB6,0,0,0,0,0,0,0,1,0,0,0,0,0,0,0,0,0
5XeNoOXMfGmsAblFhskhrE,0,0,0,0,0,0,0,1,0,0,0,0,0,0,0,0,0
2ybm6gECxGAXmmsoNUtgLc,0,0,0,0,0,0,0,1,0,0,0,0,0,0,0,0,0
7wXOF3DAncP5x8j2Rm2o2U,0,0,0,0,0,0,0,1,0,0,0,0,0,0,0,0,0
228GIuoRODM4m1K2vcucvN,0,0,0,0,0,0,0,1,0,0,0,0,0,0,0,0,0
0dbttB5xr4M0Q1lQQXfAwI,0,0,0,0,0,0,0,1,0,0,0,0,0,0,0,0,0
0VZTgcwJaA2LBspPvQ32hh,0,0,0,0,0,0,0,1,0,0,0,0,0,0,0,0,0
0KoIrrbZr8rMXhFQK8T5Eg,0,0,0,0,0,0,0,1,0,0,0,0,0,0,0,0,0
4hUgcnHG88227kHDlQLkwi,0,0,0,0,0,0,0,1,0,0,0,0,0,0,0,0,0
40PNoHlTWzatS0dbhah6AW,0,0,0,0,0,0,0,1,0,0,0,0,0,0,0,0,0
3fZIBSibgTdC4gaqoXmk8G,0,0,0,0,0,0,0,1,0,0,0,0,0,0,0,0,0
5RDViFyJMS0MBs5vfKk9d8,0,0,0,0,0,0,0,1,0,0,0,0,0,0,0,0,0
22bQ4WJUJeRRZIV1y571Vt,0,0,0,0,0,0,0,1,0,0,0,0,0,0,0,0,0
70Cg5AszRYlpjfGR65knT7,0,0,0,0,0,0,0,1,0,0,0,0,0,0,0,0,0
3DoOHv1HM9Arrw5PofaF2S,0,0,0,0,0,0,0,1,0,0,0,0,0,0,0,0,0
3QFVJxsqDK6ThOX5CLSBOM,0,0,0,0,0,0,0,1,0,0,0,0,0,0,0,0,0
24Yh9vNFl3CXhdiRVRNZ7E,0,0,0,0,0,0,0,1,0,0,0,0,0,0,0,0,0
4i0rWKxr5kgvamLGyuCPb9,0,0,0,0,0,0,0,1,0,0,0,0,0,0,0,0,0
0zR9PEs0Udoc2f81t8DRJx,0,0,0,0,0,0,0,1,0,0,0,0,0,0,0,0,0
1t43yOydn1O4uOusALEUFl,0,0,0,0,0,0,0,1,0,0,0,0,0,0,0,0,0
2YiKZMuXhvWzLsXQVaXqB2,0,0,0,0,0,0,0,1,0,0,0,0,0,0,0,0,0
4OoCOOeNECyO01S8L89Flv,0,0,0,0,0,0,0,1,0,0,0,0,0,0,0,0,0
6YwBd9LIpIb12swAydBS7n,0,0,0,0,0,0,0,1,0,0,0,0,0,0,0,0,0
1gWAtvmMbhH6WPLes1swNh,0,0,0,0,0,0,0,1,0,0,0,0,0,0,0,0,0
6eyuU00bw19YhHGhvbLKcr,0,0,0,0,0,0,0,1,0,0,0,0,0,0,0,0,0
24ZS9YHNQp1CG9sHj8HUoi,0,0,0,0,0,0,0,1,0,0,0,0,0,0,0,0,0
0i4TjNgCqT5uErNqNO8B5e,0,0,0,0,0,0,0,1,0,0,0,0,0,0,0,0,0
6Hd0c6zBKqg1xNEjY2QYyM,0,0,0,0,0,0,0,1,0,0,0,0,0,0,0,0,0
4tV6ku4jEYw9L5gZuNpCbP,0,0,0,0,0,0,0,1,0,0,0,0,0,0,0,0,0
0t6PBGHAtwfJHyHhB6A3EQ,0,0,0,0,0,0,0,1,0,0,0,0,0,0,0,0,0
0GAIAbeS07Run8u9BOtT3P,0,0,0,0,0,0,0,1,0,0,0,0,0,0,0,0,0
5GsJhXlbmAr6rSkAd9j2W9,0,0,0,0,0,0,0,1,0,0,0,0,0,0,0,0,0
7y6r9UBkaWSproYktbdPkz,0,0,0,0,0,0,0,1,0,0,0,0,0,0,0,0,0
3cL8EVouwRoKs9JYYcZePy,0,0,0,0,0,0,0,1,0,0,0,0,0,0,0,0,0
01xdiGuSuIf5qZulm1uqkY,0,0,0,0,0,0,0,1,0,0,0,0,0,0,0,0,0
0RoQmGvoaqrE8pkfB5bQtq,0,0,0,0,0,0,0,1,0,0,0,0,0,0,0,0,0
0toVxnrTHTMb0RbILsF4a0,0,0,0,0,0,0,0,1,0,0,0,0,0,0,0,0,0
6coQYeFGsosbb6onPEHF2O,0,0,0,0,0,0,0,1,0,0,0,0,0,0,0,0,0
0gakxtyAQxCAQ9h7PiUpKu,0,0,0,0,0,0,0,1,0,0,0,0,0,0,0,0,0
5VGRWK6AgM3BifNn5WPsXs,0,0,0,0,0,0,0,1,0,0,0,0,0,0,0,0,0
6RbtosFO5C2pMbPaFeMf9b,0,0,0,0,0,0,0,1,0,0,0,0,0,0,0,0,0
5FvdZ8gbPKr6qfen05303Q,0,0,0,0,0,0,0,1,0,0,0,0,0,0,0,0,0
09BxJMIz6CkunwqTPgpEWV,0,0,0,0,0,0,0,1,0,0,0,0,0,0,0,0,0
31zOoImZZMK5rlmiO4NiYL,0,0,0,0,0,0,0,1,0,0,0,0,0,0,0,0,0
21eGoV8gNSgKWuYE6HCqXO,0,0,0,0,0,0,0,1,0,0,0,0,0,0,0,0,0
0YVx5YZIgfYHzlq19hqDeE,0,0,0,0,0,0,0,1,0,0,0,0,0,0,0,0,0
0Wfa2mEsDhT990Fe0m8Jn5,0,0,0,0,0,0,0,1,0,0,0,0,0,0,0,0,0
0yTzy8hWBrN0rLlM7oUF7L,0,0,0,0,0,0,0,1,0,0,0,0,0,0,0,0,0
65J9Ruvl07VyCn29etCz5k,0,0,0,0,0,0,0,1,0,0,0,0,0,0,0,0,0
0yPFuWtbg4rQfz7aJJe4jF,0,0,0,0,0,0,0,1,0,0,0,0,0,0,0,0,0
1LKMAo8PoMCoq3ZRm1RlaU,0,0,0,0,0,0,0,1,0,0,0,0,0,0,0,0,0
0FVUfX7nw1bNQGBLTpTwX5,0,0,0,0,0,0,0,1,0,0,0,0,0,0,0,0,0
1qnljcdGqfl8YV9S0cETgm,0,0,0,0,0,0,0,1,0,0,0,0,0,0,0,0,0
5IClDKOZQrcK4eVbG7Myst,0,0,0,0,0,0,0,1,0,0,0,0,0,0,0,0,0
5N11GYEJv8bVDbo2pM13VJ,0,0,0,0,0,0,0,1,0,0,0,0,0,0,0,0,0
5Un12b5Mr4fi0dqa3xiLxf,0,0,0,0,0,0,0,1,0,0,0,0,0,0,0,0,0
3UzPphFplwF1AS1tjyrbtp,0,0,0,0,0,0,0,1,0,0,0,0,0,0,0,0,0
0lb7jsjOwUPEtb6uaGDfLN,0,0,0,0,0,0,0,1,0,0,0,0,0,0,0,0,0
1bW1Y5WzeOiKXsJQGCYlVr,0,0,0,0,0,0,0,1,0,0,0,0,0,0,0,0,0
6qRZNvECX7DllIpLdlbUk6,0,0,0,0,0,0,0,1,0,0,0,0,0,0,0,0,0
5kgUXOfNfYXHJ21bQuQyAh,0,0,0,0,0,0,0,1,0,0,0,0,0,0,0,0,0
519wD9zbe3OZI6LYKq1zXS,0,0,0,0,0,0,0,1,0,0,0,0,0,0,0,0,0
6efJHGtedmCUfwB3PUbaRs,0,0,0,0,0,0,0,0,1,0,0,0,0,0,0,0,0
5MUjW4dKNA5EHnFZ0vQDxH,0,0,0,0,0,0,0,0,1,0,0,0,0,0,0,0,0
1SciwnxrXz7WNUfcqH6lqF,0,0,0,0,0,0,0,0,1,0,0,0,0,0,0,0,0
10XqHuEZdzhpW0zuzDja4M,0,0,0,0,0,0,0,0,1,0,0,0,0,0,0,0,0
3FrhNWIcRxrPFFcqFernIp,0,0,0,0,0,0,0,0,1,0,0,0,0,0,0,0,0
4Rjz6GjnEtG9upOBj6vGKK,0,0,0,0,0,0,0,0,1,0,0,0,0,0,0,0,0
2tMI3Bi5jqqjt2zYC63eSt,0,0,0,0,0,0,0,0,1,0,0,0,0,0,0,0,0
2y5fGTCA30VoH783YvhUWy,0,0,0,0,0,0,0,0,1,0,0,0,0,0,0,0,0
05d3d97A54UUffKia3WKpJ,0,0,0,0,0,0,0,0,1,0,0,0,0,0,0,0,0
68gzf3AleOyt4NlKwpV0MY,0,0,0,0,0,0,0,0,1,0,0,0,0,0,0,0,0
4Ug4rbQ666U9pputB0E3kV,0,0,0,0,0,0,0,0,1,0,0,0,0,0,0,0,0
73mbs56c0QxBUrzHUBkDPg,0,0,0,0,0,0,0,0,1,0,0,0,0,0,0,0,0
6pXPxr0ZgW6mp3Oz2K5bZG,0,0,0,0,0,0,0,0,1,0,0,0,0,0,0,0,0
6JR1XlStv1gnRLT7sNek4q,0,0,0,0,0,0,0,0,1,0,0,0,0,0,0,0,0
5NDgIlcWR69yxix0SsI9jO,0,0,0,0,0,0,0,0,1,0,0,0,0,0,0,0,0
15QDc2N1Uo2FM8oYV6IA1J,0,0,0,0,0,0,0,0,1,0,0,0,0,0,0,0,0
4iaRi2pR8OUgJ2sXndxDQy,0,0,0,0,0,0,0,0,1,0,0,0,0,0,0,0,0
4huXXKJvjyEpsAYd2IrhfY,0,0,0,0,0,0,0,0,1,0,0,0,0,0,0,0,0
0fcg1PjDAWyi7Ro24XC34E,0,0,0,0,0,0,0,0,1,0,0,0,0,0,0,0,0
2UZXQrEi0A8ySbDuyeuMt3,0,0,0,0,0,0,0,0,1,0,0,0,0,0,0,0,0
0TaGZcPrNl0ewkCgdjF7wt,0,0,0,0,0,0,0,0,1,0,0,0,0,0,0,0,0
6RuZpxDrZ5xGMRQB0Eodp4,0,0,0,0,0,0,0,0,1,0,0,0,0,0,0,0,0
02Zatp9qpcjzaO6JdjWLRK,0,0,0,0,0,0,0,0,1,0,0,0,0,0,0,0,0
39yNHxks286iIcWLmQCg2m,0,0,0,0,0,0,0,0,1,0,0,0,0,0,0,0,0
2GSXCJIdyPZJoRynXpwkvn,0,0,0,0,0,0,0,0,1,0,0,0,0,0,0,0,0
4e09seMli7tAi2UcXy5lkm,0,0,0,0,0,0,0,0,1,0,0,0,0,0,0,0,0
2B32tq6y3LxOnV9OkCZLOe,0,0,0,0,0,0,0,0,1,0,0,0,0,0,0,0,0
26Z4ZAQqjy2B3d1WrTVbiL,0,0,0,0,0,0,0,0,1,0,0,0,0,0,0,0,0
6gaWoxdfAfB2yQKKBQeQ59,0,0,0,0,0,0,0,0,1,0,0,0,0,0,0,0,0
6QFj2DMznntolgajylaJeT,0,0,0,0,0,0,0,0,1,0,0,0,0,0,0,0,0
6tgMa0rm14MzbecMAM5KTu,0,0,0,0,0,0,0,0,1,0,0,0,0,0,0,0,0
7eAewwhDIvqRKaIuRp71Sv,0,0,0,0,0,0,0,0,1,0,0,0,0,0,0,0,0
20izJg7Kft3HmOtmalKBl2,0,0,0,0,0,0,0,0,1,0,0,0,0,0,0,0,0
0e9Zk8SwtlzNJ27ch4HIsY,0,0,0,0,0,0,0,0,1,0,0,0,0,0,0,0,0
3VmlPlA5tBctq0WNwj2ZwW,0,0,0,0,0,0,0,0,1,0,0,0,0,0,0,0,0
1Yddi8T49f9KwEMn7RnZSN,0,0,0,0,0,0,0,0,1,0,0,0,0,0,0,0,0
6DPtZ1yxZPmWGfoBoq4q9E,0,0,0,0,0,0,0,0,1,0,0,0,0,0,0,0,0
4v77WY5h1thcrRNZ96iI0m,0,0,0,0,0,0,0,0,1,0,0,0,0,0,0,0,0
3Q6uOdluKWobVlA5590G5i,0,0,0,0,0,0,0,0,1,0,0,0,0,0,0,0,0
0E5Qd7mge1e9gfkCKfGOUR,0,0,0,0,0,0,0,0,1,0,0,0,0,0,0,0,0
1LDfg9CitWWu8zKsUUvXXM,0,0,0,0,0,0,0,0,1,0,0,0,0,0,0,0,0
1QUNKDYuz1vxpRAHitxj9i,0,0,0,0,0,0,0,0,1,0,0,0,0,0,0,0,0
0LUDrOsKwecbJO5W0oUOCQ,0,0,0,0,0,0,0,0,1,0,0,0,0,0,0,0,0
782LcmOkkNn1dm083on9wF,0,0,0,0,0,0,0,0,1,0,0,0,0,0,0,0,0
5JJSEkQUbrh9lkKnh0jq5s,0,0,0,0,0,0,0,0,1,0,0,0,0,0,0,0,0
4qkrxmPzmepaAzbxhaA6Oi,0,0,0,0,0,0,0,0,1,0,0,0,0,0,0,0,0
6tgs5jLx331P1rjGeSLoZV,0,0,0,0,0,0,0,0,1,0,0,0,0,0,0,0,0
59Bgzhll0tIQECwB1A4phI,0,0,0,0,0,0,0,0,1,0,0,0,0,0,0,0,0
3SfDfknpokP9xM4q3QKeqU,0,0,0,0,0,0,0,0,1,0,0,0,0,0,0,0,0
5a7TKRBOr7g5W4Up8LwaFe,0,0,0,0,0,0,0,0,1,0,0,0,0,0,0,0,0
5hIzUNQb56g3ONQYnubdlL,0,0,0,0,0,0,0,0,1,0,0,0,0,0,0,0,0
6T7J2QXmnIr0XjpZiFPmwj,0,0,0,0,0,0,0,0,1,0,0,0,0,0,0,0,0
0dUmodeLcQowf3YZAdOoTW,0,0,0,0,0,0,0,0,1,0,0,0,0,0,0,0,0
4qM00ki1r0Y94lqUkuedia,0,0,0,0,0,0,0,0,1,0,0,0,0,0,0,0,0
6jgYNnuCEervXCk3I3rUi1,0,0,0,0,0,0,0,0,1,0,0,0,0,0,0,0,0
6AHp595UrB4D6oORflyENV,0,0,0,0,0,0,0,0,1,0,0,0,0,0,0,0,0
6JwqoBUyhDrkrhDcPxohUM,0,0,0,0,0,0,0,0,1,0,0,0,0,0,0,0,0
1EDWlisAe1lpsY6Rr7ubME,0,0,0,0,0,0,0,0,1,0,0,0,0,0,0,0,0
0LSbgchl83JPC51nuThvrO,0,0,0,0,0,0,0,0,1,0,0,0,0,0,0,0,0
2OM8TfeXCJHtpBEDHl2hFE,0,0,0,0,0,0,0,0,1,0,0,0,0,0,0,0,0
50j7VH9VeTa2CZCWXJzipo,0,0,0,0,0,0,0,0,1,0,0,0,0,0,0,0,0
62JdNf3y19hm3sQSiiI5S3,0,0,0,0,0,0,0,0,1,0,0,0,0,0,0,0,0
7CIrECWYdCzXoITbDL2Tn3,0,0,0,0,0,0,0,0,1,0,0,0,0,0,0,0,0
5030Qst65fN6zh2Q6OWU2V,0,0,0,0,0,0,0,0,1,0,0,0,0,0,0,0,0
4RZqAPcXS3eTasFttfgi1J,0,0,0,0,0,0,0,0,1,0,0,0,0,0,0,0,0
6UvnVbZrhTOYdNCvh7VbsW,0,0,0,0,0,0,0,0,1,0,0,0,0,0,0,0,0
0lle1Oh7IBpWWvChKZRlEW,0,0,0,0,0,0,0,0,1,0,0,0,0,0,0,0,0
3U9CTNsTK9tILwGcJkUxJG,0,0,0,0,0,0,0,0,1,0,0,0,0,0,0,0,0
15dIlwTJFRujbZmCy9hJwK,0,0,0,0,0,0,0,0,1,0,0,0,0,0,0,0,0
0xq0GbMjRnrKfTV9fw02fR,0,0,0,0,0,0,0,0,1,0,0,0,0,0,0,0,0
3g7cZxCC45GPg0Zq43sBDl,0,0,0,0,0,0,0,0,1,0,0,0,0,0,0,0,0
4AAmFIGUbQ4xnht6tyCOVk,0,0,0,0,0,0,0,0,1,0,0,0,0,0,0,0,0
1OoU6dyZX6XWCpQTymP6He,0,0,0,0,0,0,0,0,1,0,0,0,0,0,0,0,0
4d540jkn2L6GkAdJxj4xz1,0,0,0,0,0,0,0,0,1,0,0,0,0,0,0,0,0
6mY227eGkuUZ8KCp3YfAEE,0,0,0,0,0,0,0,0,1,0,0,0,0,0,0,0,0
5nSscR8xmxjTKLRgPXAw99,0,0,0,0,0,0,0,0,1,0,0,0,0,0,0,0,0
7phasdQ9ODIIJlCfE1z3fY,0,0,0,0,0,0,0,0,1,0,0,0,0,0,0,0,0
6RDVwKLpBBEksWdp9jwBlD,0,0,0,0,0,0,0,0,1,0,0,0,0,0,0,0,0
5RpoUzFpBM0EMSet3Mzldw,0,0,0,0,0,0,0,0,1,0,0,0,0,0,0,0,0
3h5ItXLVH0xOmly8g9bj75,0,0,0,0,0,0,0,0,1,0,0,0,0,0,0,0,0
4Bl2Z2vukTroAm242DDtov,0,0,0,0,0,0,0,0,1,0,0,0,0,0,0,0,0
2GxRNTJIzqhzMwb5NTOoOR,0,0,0,0,0,0,0,0,1,0,0,0,0,0,0,0,0
5QsVuOfSlSr2n7KdpPcaoA,0,0,0,0,0,0,0,0,1,0,0,0,0,0,0,0,0
77mVQ3nmIau6fRuTG81HF6,0,0,0,0,0,0,0,0,1,0,0,0,0,0,0,0,0
66tkKvIRiNOVuZ4VLQRquL,0,0,0,0,0,0,0,0,1,0,0,0,0,0,0,0,0
2Rvjpyr0IV4LlJ2O7o6jVh,0,0,0,0,0,0,0,0,1,0,0,0,0,0,0,0,0
629Y3dMVXGAddQ2cZiCaqs,0,0,0,0,0,0,0,0,1,0,0,0,0,0,0,0,0
6LMAeSiM6YiiGsfE1G4jUD,0,0,0,0,0,0,0,0,1,0,0,0,0,0,0,0,0
6QBxDp7SjcqgcNh5ucDga9,0,0,0,0,0,0,0,0,1,0,0,0,0,0,0,0,0
60o3KN2AC1egj7Tk3I0laZ,0,0,0,0,0,0,0,0,1,0,0,0,0,0,0,0,0
7Bc847O3AJsMwmvCFCwOvf,0,0,0,0,0,0,0,0,1,0,0,0,0,0,0,0,0
3TRb8Wm644PAarRbXklzCc,0,0,0,0,0,0,0,0,1,0,0,0,0,0,0,0,0
0xNilafmwlOFQVGyEeYgCk,0,0,0,0,0,0,0,0,1,0,0,0,0,0,0,0,0
0yGROd1yLTCjlFxtVtXc9a,0,0,0,0,0,0,0,0,1,0,0,0,0,0,0,0,0
1kkwJyZZlp9WEmJvcQ0CZn,0,0,0,0,0,0,0,0,1,0,0,0,0,0,0,0,0
1RK1peYSghV78t7GLANs82,0,0,0,0,0,0,0,0,1,0,0,0,0,0,0,0,0
3H2y68dxeI55N0PRHHPJtE,0,0,0,0,0,0,0,0,1,0,0,0,0,0,0,0,0
1D0yQA4n1yF5P6YGQHEnmw,0,0,0,0,0,0,0,0,1,0,0,0,0,0,0,0,0
3Ev17Q2JMcp19Wi5g8yIbo,0,0,0,0,0,0,0,0,1,0,0,0,0,0,0,0,0
4DHYglJXgyw4sDEh0whI3J,0,0,0,0,0,0,0,0,1,0,0,0,0,0,0,0,0
2RPbEp0DyBVlkRvvYKopO7,0,0,0,0,0,0,0,0,0,1,0,0,0,0,0,0,0
1r3M82sqImOu3AUwRdELRT,0,0,0,0,0,0,0,0,0,1,0,0,0,0,0,0,0
4mbOTHs6heygME9uDHg0mf,0,0,0,0,0,0,0,0,0,1,0,0,0,0,0,0,0
1fb6b2Mas9q2mWxJazzeRI,0,0,0,0,0,0,0,0,0,1,0,0,0,0,0,0,0
71RgnWLv0ktFfH3cvB7XzU,0,0,0,0,0,0,0,0,0,1,0,0,0,0,0,0,0
2f9ZC75ny97PooFTU9U968,0,0,0,0,0,0,0,0,0,1,0,0,0,0,0,0,0
2fDT3A5tLwiySARQEawvRo,0,0,0,0,0,0,0,0,0,1,0,0,0,0,0,0,0
4KkwBjTLeXmBSIwLFqwlKU,0,0,0,0,0,0,0,0,0,1,0,0,0,0,0,0,0
2ej1A2Ze6P2EOW7KfIosZR,0,0,0,0,0,0,0,0,0,1,0,0,0,0,0,0,0
7ckK9JSAnCWy0m1fm1JBud,0,0,0,0,0,0,0,0,0,1,0,0,0,0,0,0,0
3oNn2Qg40BPekTa4zxpSp2,0,0,0,0,0,0,0,0,0,1,0,0,0,0,0,0,0
3OqURh8wE0rCeGMck0ADcu,0,0,0,0,0,0,0,0,0,1,0,0,0,0,0,0,0
3cmW5eArAwzxsOsSaHBC8j,0,0,0,0,0,0,0,0,0,1,0,0,0,0,0,0,0
71lyUtIPCMAYjTwwwxy2jW,0,0,0,0,0,0,0,0,0,1,0,0,0,0,0,0,0
2prHMFvkekTqqFdB5r6QJJ,0,0,0,0,0,0,0,0,0,1,0,0,0,0,0,0,0
2C0Y5RUvreuiElhHuce9Rv,0,0,0,0,0,0,0,0,0,1,0,0,0,0,0,0,0
7IB5b3Y8FBR24X5mGjCo42,0,0,0,0,0,0,0,0,0,1,0,0,0,0,0,0,0
5Ru9OjtEw5htfnVKpYsIcv,0,0,0,0,0,0,0,0,0,1,0,0,0,0,0,0,0
0KTvHwi5cDdZh86cpZztfu,0,0,0,0,0,0,0,0,0,1,0,0,0,0,0,0,0
19yMYXxG3gtIbKxOpQo9vL,0,0,0,0,0,0,0,0,0,1,0,0,0,0,0,0,0
4IWKqjDmoYFsgjDBDcFWdj,0,0,0,0,0,0,0,0,0,1,0,0,0,0,0,0,0
1mAOHPG4li3vdjE9NQQMzD,0,0,0,0,0,0,0,0,0,1,0,0,0,0,0,0,0
67OqATrkCmWT5irJqdlhCV,0,0,0,0,0,0,0,0,0,1,0,0,0,0,0,0,0
1ox8lFk6eMgHbijGIrc0YC,0,0,0,0,0,0,0,0,0,1,0,0,0,0,0,0,0
5leMnCGZPyrZMNSN5TX5uw,0,0,0,0,0,0,0,0,0,1,0,0,0,0,0,0,0
7qwt4xUIqQWCu1DJf96g2k,0,0,0,0,0,0,0,0,0,1,0,0,0,0,0,0,0
5pVm3hoYZFdi1an6PMWgu5,0,0,0,0,0,0,0,0,0,1,0,0,0,0,0,0,0
5dLcULVu6RIT3BVnJudLnc,0,0,0,0,0,0,0,0,0,1,0,0,0,0,0,0,0
6mKleTW8ULbeXuEOj8r20y,0,0,0,0,0,0,0,0,0,1,0,0,0,0,0,0,0
7E3gF8d9EEXRqLzsNKFK3A,0,0,0,0,0,0,0,0,0,1,0,0,0,0,0,0,0
2Ad56krxfaqxaQPAfj2Wbs,0,0,0,0,0,0,0,0,0,1,0,0,0,0,0,0,0
1qwcpunOIZsMcnl9lqEVKn,0,0,0,0,0,0,0,0,0,1,0,0,0,0,0,0,0
5jYOjVGBokIuwlbLziDnFy,0,0,0,0,0,0,0,0,0,1,0,0,0,0,0,0,0
6HoxCTQU2P7YlT2LQWq4gH,0,0,0,0,0,0,0,0,0,1,0,0,0,0,0,0,0
3qGjwSndrhD7hWMTPjfsqT,0,0,0,0,0,0,0,0,0,1,0,0,0,0,0,0,0
1aI71C2hn6RGLhNPpD2Gew,0,0,0,0,0,0,0,0,0,1,0,0,0,0,0,0,0
4cYrmuOhhLl9XXkAgeXKF7,0,0,0,0,0,0,0,0,0,1,0,0,0,0,0,0,0
7nh7IABbu2JfEL1wMCXsNg,0,0,0,0,0,0,0,0,0,1,0,0,0,0,0,0,0
6Q2wQud0dEXtM9CenNKmLc,0,0,0,0,0,0,0,0,0,1,0,0,0,0,0,0,0
3u72mCiUlP0pTuk6qwf5BU,0,0,0,0,0,0,0,0,0,1,0,0,0,0,0,0,0
0FMMLKHb74VB0H5u2fP6xo,0,0,0,0,0,0,0,0,0,1,0,0,0,0,0,0,0
4uTJ0UP9GA2YxtlrwVjIav,0,0,0,0,0,0,0,0,0,1,0,0,0,0,0,0,0
18Qp2oQlUvoG09Xh5vlp4Z,0,0,0,0,0,0,0,0,0,1,0,0,0,0,0,0,0
6BViSvY3B6cUm8da5rI85R,0,0,0,0,0,0,0,0,0,1,0,0,0,0,0,0,0
2Dqm89nskJPOhC5XhJaQtA,0,0,0,0,0,0,0,0,0,1,0,0,0,0,0,0,0
1kxq2ByL62HX8YQQdvK3mz,0,0,0,0,0,0,0,0,0,1,0,0,0,0,0,0,0
1MR8gPeWqgnV3lVDuANexu,0,0,0,0,0,0,0,0,0,1,0,0,0,0,0,0,0
0utlOiJy2weVl9WTkcEWHy,0,0,0,0,0,0,0,0,0,1,0,0,0,0,0,0,0
1jzIJcHCXneHw7ojC6LXiF,0,0,0,0,0,0,0,0,0,1,0,0,0,0,0,0,0
6Y9JFYyGCcD34RJ7gTMcQM,0,0,0,0,0,0,0,0,0,1,0,0,0,0,0,0,0
47euMdzPz6bdj7EKPy369S,0,0,0,0,0,0,0,0,0,1,0,0,0,0,0,0,0
41H7ayURsGvzBWj77ZddWt,0,0,0,0,0,0,0,0,0,1,0,0,0,0,0,0,0
4meQGI49dD8lCvG0PGckdO,0,0,0,0,0,0,0,0,0,1,0,0,0,0,0,0,0
7prM6PuZ5psmHNKhpznKbP,0,0,0,0,0,0,0,0,0,1,0,0,0,0,0,0,0
5mxVKAuunOKqcBfR5ivbRf,0,0,0,0,0,0,0,0,0,1,0,0,0,0,0,0,0
4buCx1tDm7tScLKJfnv9KI,0,0,0,0,0,0,0,0,0,1,0,0,0,0,0,0,0
34HAlaqKnkgvYMXuAO3hoU,0,0,0,0,0,0,0,0,0,1,0,0,0,0,0,0,0
7MLqgNb7ULMSL8IK6Kirfc,0,0,0,0,0,0,0,0,0,1,0,0,0,0,0,0,0
388jD8ko9cvFM9cd9TYDrl,0,0,0,0,0,0,0,0,0,1,0,0,0,0,0,0,0
2b3KgzISdjZVNPJJ1945nw,0,0,0,0,0,0,0,0,0,1,0,0,0,0,0,0,0
0jlqkPNyvf6rk1jfB8uHwH,0,0,0,0,0,0,0,0,0,1,0,0,0,0,0,0,0
1EzmbuNqWPd2JUv9eV94n6,0,0,0,0,0,0,0,0,0,1,0,0,0,0,0,0,0
0eEXcw3JLVXcRxYrVYMy68,0,0,0,0,0,0,0,0,0,1,0,0,0,0,0,0,0
4pdLZsxq0y5oJDb6Cxlokw,0,0,0,0,0,0,0,0,0,1,0,0,0,0,0,0,0
0dnX3Wa1SrhZht7DUSr3dr,0,0,0,0,0,0,0,0,0,1,0,0,0,0,0,0,0
6RBMpENxbx74lTdR5SBcaF,0,0,0,0,0,0,0,0,0,1,0,0,0,0,0,0,0
02vbwgCw4piXoMteswBt5I,0,0,0,0,0,0,0,0,0,1,0,0,0,0,0,0,0
2MAaiV0bbeq4FpSwPe2rR8,0,0,0,0,0,0,0,0,0,1,0,0,0,0,0,0,0
0PV1TFUMTBrDETzW6KQulB,0,0,0,0,0,0,0,0,0,1,0,0,0,0,0,0,0
714aHwn1FH8kOK6OZlawSU,0,0,0,0,0,0,0,0,0,1,0,0,0,0,0,0,0
4ESmlV7WQS23wPHhKz5nP3,0,0,0,0,0,0,0,0,0,1,0,0,0,0,0,0,0
17HX3hJTSSyohbjvopppmq,0,0,0,0,0,0,0,0,0,1,0,0,0,0,0,0,0
3gRlmtdCyNoKiyozn2pqc9,0,0,0,0,0,0,0,0,0,1,0,0,0,0,0,0,0
6Ius4TC0L3cN74HT7ENE6e,0,0,0,0,0,0,0,0,0,1,0,0,0,0,0,0,0
5yKLMpfzek46RNHURFB3mb,0,0,0,0,0,0,0,0,0,1,0,0,0,0,0,0,0
3kxZU0JYNPHmP4vZXgDFM9,0,0,0,0,0,0,0,0,0,1,0,0,0,0,0,0,0
7ElN6SNOtnBy7pqPwLd66I,0,0,0,0,0,0,0,0,0,1,0,0,0,0,0,0,0
50oMV9ChVZchW4zAcsKigA,0,0,0,0,0,0,0,0,0,1,0,0,0,0,0,0,0
2rk0lCpO1vkKAQ6BC8bjUX,0,0,0,0,0,0,0,0,0,1,0,0,0,0,0,0,0
5Zrgq01PBwsQrdLH9s2bze,0,0,0,0,0,0,0,0,0,1,0,0,0,0,0,0,0
5MTX6AgLIsDmrEQjcixp12,0,0,0,0,0,0,0,0,0,1,0,0,0,0,0,0,0
0q2rsdNc3FiahPJjvzLQAG,0,0,0,0,0,0,0,0,0,1,0,0,0,0,0,0,0
4zUfhFkTcRed5WaZRnqAF8,0,0,0,0,0,0,0,0,0,1,0,0,0,0,0,0,0
4c2VZAmTgDo0Wp2bsvpfFv,0,0,0,0,0,0,0,0,0,1,0,0,0,0,0,0,0
4ZROo3NwUM3UusHizN33h3,0,0,0,0,0,0,0,0,0,1,0,0,0,0,0,0,0
5MvCurNMpM3WCCSs40cd37,0,0,0,0,0,0,0,0,0,1,0,0,0,0,0,0,0
3mqqVZEmxyherPAuk07DdA,0,0,0,0,0,0,0,0,0,1,0,0,0,0,0,0,0
10WdVv0gEYHTPpeDxpiXEd,0,0,0,0,0,0,0,0,0,1,0,0,0,0,0,0,0
5DOZZe7PypFsrvJY8KSjpT,0,0,0,0,0,0,0,0,0,1,0,0,0,0,0,0,0
06TOkR7dO7PLwhToEMB48x,0,0,0,0,0,0,0,0,0,1,0,0,0,0,0,0,0
5q0j833Z1jYzpQ6nZHaIIh,0,0,0,0,0,0,0,0,0,1,0,0,0,0,0,0,0
1R7X8ZHKHHeGeT6fUGzhyU,0,0,0,0,0,0,0,0,0,1,0,0,0,0,0,0,0
18aMRjZhzTiErH82ZEOgAe,0,0,0,0,0,0,0,0,0,1,0,0,0,0,0,0,0
0Jr95eANVwjcM2505A76pD,0,0,0,0,0,0,0,0,0,1,0,0,0,0,0,0,0
0fAehaneUJdlSlWXYe1KZp,0,0,0,0,0,0,0,0,0,1,0,0,0,0,0,0,0
6JKoTnberZoBgUuxa6l4Kh,0,0,0,0,0,0,0,0,0,1,0,0,0,0,0,0,0
0lppL7OMGEnzruhQUT9fZq,0,0,0,0,0,0,0,0,0,1,0,0,0,0,0,0,0
228nYWqXzsBS9Ha0SIpM7q,0,0,0,0,0,0,0,0,0,1,0,0,0,0,0,0,0
1p1b9LdLJ0REuFJX9mYtFX,0,0,0,0,0,0,0,0,0,1,0,0,0,0,0,0,0
69jGxyfw3lzGGYf78jdkpF,0,0,0,0,0,0,0,0,0,1,0,0,0,0,0,0,0
4LFlhkM5ALYhXX6K8yIPrM,0,0,0,0,0,0,0,0,0,0,1,0,0,0,0,0,0
43nb2YqCQDnwMtPN2MLZ6g,0,0,0,0,0,0,0,0,0,0,1,0,0,0,0,0,0
4wyB2qKRr9XDU0VLUtHyYG,0,0,0,0,0,0,0,0,0,0,1,0,0,0,0,0,0
73O30uMI7n6DuzBmbtO7kC,0,0,0,0,0,0,0,0,0,0,1,0,0,0,0,0,0
76ppdNxh5cJs1N5C7srqqC,0,0,0,0,0,0,0,0,0,0,1,0,0,0,0,0,0
3ZXoAG183ccdAnrSKd0C1n,0,0,0,0,0,0,0,0,0,0,1,0,0,0,0,0,0
6UlOyRlfKFNM2bUCOfLTBr,0,0,0,0,0,0,0,0,0,0,1,0,0,0,0,0,0
0lfvQXgWGEPABSaOgny7Cr,0,0,0,0,0,0,0,0,0,0,1,0,0,0,0,0,0
2UWip8UbXZaeLureLM53qm,0,0,0,0,0,0,0,0,0,0,1,0,0,0,0,0,0
5H3xFTbB7jxtCzl21LGoAJ,0,0,0,0,0,0,0,0,0,0,1,0,0,0,0,0,0
2KE1yPkridRrIncDMIFZb3,0,0,0,0,0,0,0,0,0,0,1,0,0,0,0,0,0
2UWip8UbXZaeLureLM53qm,0,0,0,0,0,0,0,0,0,0,1,0,0,0,0,0,0
30KoUHpVBkVeXPeRQIaOzq,0,0,0,0,0,0,0,0,0,0,1,0,0,0,0,0,0
4wbTLYd6brnbWNRX2dhwIt,0,0,0,0,0,0,0,0,0,0,1,0,0,0,0,0,0
7uQp5KdhJugizIlvUttQ7l,0,0,0,0,0,0,0,0,0,0,1,0,0,0,0,0,0
3vEfpQu1E5s5aBQS2uDrZq,0,0,0,0,0,0,0,0,0,0,1,0,0,0,0,0,0
0rygxaz4gmooEKR2fZnUPS,0,0,0,0,0,0,0,0,0,0,1,0,0,0,0,0,0
5Wt72ypEBOy9mgbNHIjQOd,0,0,0,0,0,0,0,0,0,0,1,0,0,0,0,0,0
6WpQ5jEkaRulaJ4YFC4ffW,0,0,0,0,0,0,0,0,0,0,1,0,0,0,0,0,0
0tya6NxtlalVlTsmb9dQhl,0,0,0,0,0,0,0,0,0,0,1,0,0,0,0,0,0
0SC8WVNmSDbJGcAcjwCPqt,0,0,0,0,0,0,0,0,0,0,1,0,0,0,0,0,0
3rr07WmHNtKaYKyP4GZ3Wm,0,0,0,0,0,0,0,0,0,0,1,0,0,0,0,0,0
0feEdOl8XdRezAvMpQDuVA,0,0,0,0,0,0,0,0,0,0,1,0,0,0,0,0,0
0462x6U040l1W0FXqPmsD5,0,0,0,0,0,0,0,0,0,0,1,0,0,0,0,0,0
3X4jfVs5tnrNlLhd0Onm4F,0,0,0,0,0,0,0,0,0,0,1,0,0,0,0,0,0
5lgy2Weblj0X22b47rv5yc,0,0,0,0,0,0,0,0,0,0,1,0,0,0,0,0,0
4MsgwzFyFSyTsFsYwljrp9,0,0,0,0,0,0,0,0,0,0,1,0,0,0,0,0,0
690EOpb7KoObryFnnPv1po,0,0,0,0,0,0,0,0,0,0,1,0,0,0,0,0,0
7gxysW73WUNatE4GQXQmkv,0,0,0,0,0,0,0,0,0,0,1,0,0,0,0,0,0
2ZvwXGynek1WZOHqGXp4pM,0,0,0,0,0,0,0,0,0,0,1,0,0,0,0,0,0
5i7t2nipJ8MWtJijKLsg5L,0,0,0,0,0,0,0,0,0,0,1,0,0,0,0,0,0
458IrNQqhhBpplOUduuEQQ,0,0,0,0,0,0,0,0,0,0,1,0,0,0,0,0,0
3YuQh5QyxcoqrBI7xWFan3,0,0,0,0,0,0,0,0,0,0,1,0,0,0,0,0,0
65lVCs1EbGqMFD17eWY3nA,0,0,0,0,0,0,0,0,0,0,1,0,0,0,0,0,0
6zZR7ZpYuunzSAjNMiNZIV,0,0,0,0,0,0,0,0,0,0,1,0,0,0,0,0,0
5aVf7ieElFIJU1R4y4NslW,0,0,0,0,0,0,0,0,0,0,1,0,0,0,0,0,0
6DqA3LchzbplQEIkqXFMrK,0,0,0,0,0,0,0,0,0,0,1,0,0,0,0,0,0
2lT7grw9RwNiUDhrnbXaUP,0,0,0,0,0,0,0,0,0,0,1,0,0,0,0,0,0
48ZWS7JF3r1t6me9BpdVOY,0,0,0,0,0,0,0,0,0,0,1,0,0,0,0,0,0
49QpsVs029FXehnWhhpdXP,0,0,0,0,0,0,0,0,0,0,1,0,0,0,0,0,0
6f2xMef0qJUgi2ND5X92Mm,0,0,0,0,0,0,0,0,0,0,1,0,0,0,0,0,0
1yRJf30Dath7d3XYoY9jSy,0,0,0,0,0,0,0,0,0,0,1,0,0,0,0,0,0
4YqdQSnjfTqpnXInvKlqVa,0,0,0,0,0,0,0,0,0,0,1,0,0,0,0,0,0
6jSr3FX9yUpDUb6l4HF7jw,0,0,0,0,0,0,0,0,0,0,1,0,0,0,0,0,0
4RfZxMZQg3IiyL1aClwhOX,0,0,0,0,0,0,0,0,0,0,1,0,0,0,0,0,0
3aOd2PG2QvCK9bulTLoTc7,0,0,0,0,0,0,0,0,0,0,1,0,0,0,0,0,0
4fki2MROnAxzxK3xjXJ5wt,0,0,0,0,0,0,0,0,0,0,1,0,0,0,0,0,0
6kzJu8tVSg828ZvMXvTbeG,0,0,0,0,0,0,0,0,0,0,1,0,0,0,0,0,0
0YLZXM3VQYLyBOePl1SEuh,0,0,0,0,0,0,0,0,0,0,1,0,0,0,0,0,0
3GA8vt2IdgM8ubUcYpg6zd,0,0,0,0,0,0,0,0,0,0,1,0,0,0,0,0,0
5yZHxAxLbq3WRo7EbgYrVi,0,0,0,0,0,0,0,0,0,0,1,0,0,0,0,0,0
052oeUFULvsNiII9rwJ1rA,0,0,0,0,0,0,0,0,0,0,1,0,0,0,0,0,0
4TmkWYLw9kSQdLvh8xCmrf,0,0,0,0,0,0,0,0,0,0,1,0,0,0,0,0,0
04x27vcyiREb3xrqzxfGDo,0,0,0,0,0,0,0,0,0,0,1,0,0,0,0,0,0
6A5ouywZuIyNg3m0DPZnqd,0,0,0,0,0,0,0,0,0,0,1,0,0,0,0,0,0
206GYM9rof1uEI4SBRJbqY,0,0,0,0,0,0,0,0,0,0,1,0,0,0,0,0,0
2AMCd7HptkMWykXf4p0RTe,0,0,0,0,0,0,0,0,0,0,1,0,0,0,0,0,0
6w9DiYr3kmIi1OscSlYfVO,0,0,0,0,0,0,0,0,0,0,1,0,0,0,0,0,0
1M711RvXOJVCkygdMhMabD,0,0,0,0,0,0,0,0,0,0,1,0,0,0,0,0,0
1Yp6v3QeHJNw5OA2wFwyDk,0,0,0,0,0,0,0,0,0,0,1,0,0,0,0,0,0
1HLfzNIw5lUqTnEdjZACte,0,0,0,0,0,0,0,0,0,0,1,0,0,0,0,0,0
31iWblwlzc6UCfVgCJj8D9,0,0,0,0,0,0,0,0,0,0,1,0,0,0,0,0,0
7bFX53OCvkYsjAn4wUVd4p,0,0,0,0,0,0,0,0,0,0,1,0,0,0,0,0,0
640TJ1YVDMveACYEJ1d83Z,0,0,0,0,0,0,0,0,0,0,1,0,0,0,0,0,0
2fGHeCAs8hPEJ3AsHN1TJ4,0,0,0,0,0,0,0,0,0,0,1,0,0,0,0,0,0
6XK1zvk7PW11mjEInMMfDG,0,0,0,0,0,0,0,0,0,0,1,0,0,0,0,0,0
2H7Oet8NlwfdnX3sZRdW3o,0,0,0,0,0,0,0,0,0,0,1,0,0,0,0,0,0
1q3jZydGzfTYsm85xcuUaU,0,0,0,0,0,0,0,0,0,0,1,0,0,0,0,0,0
0QBHRY6h8j96nJwI3n9NZB,0,0,0,0,0,0,0,0,0,0,1,0,0,0,0,0,0
1gc0UXfbdzDLADdIIipu42,0,0,0,0,0,0,0,0,0,0,1,0,0,0,0,0,0
6HrpNmQrkiYIORu3AFdmv8,0,0,0,0,0,0,0,0,0,0,1,0,0,0,0,0,0
6BI9jThLwLts4tQQZkAvLf,0,0,0,0,0,0,0,0,0,0,1,0,0,0,0,0,0
6R3aciPLAR56ilXeCS88Js,0,0,0,0,0,0,0,0,0,0,1,0,0,0,0,0,0
0EoqXVGVgAh4hBGQ2FXLWi,0,0,0,0,0,0,0,0,0,0,1,0,0,0,0,0,0
6q3IVLYzjqUpQS6cvmyUyg,0,0,0,0,0,0,0,0,0,0,1,0,0,0,0,0,0
3imiULZkbbfPeYGIESFzQ0,0,0,0,0,0,0,0,0,0,0,1,0,0,0,0,0,0
3jnWsNzhXqmjRfW9mhXpxA,0,0,0,0,0,0,0,0,0,0,1,0,0,0,0,0,0
12AHsV1ocgrSslCqOpe0Jr,0,0,0,0,0,0,0,0,0,0,1,0,0,0,0,0,0
3xxrm37TJXyYbzC5UlEtsc,0,0,0,0,0,0,0,0,0,0,1,0,0,0,0,0,0
4NTDQZGtcGJQahz8NLD6rj,0,0,0,0,0,0,0,0,0,0,1,0,0,0,0,0,0
47hg3XMWOiGTtQO2ZrjcIU,0,0,0,0,0,0,0,0,0,0,1,0,0,0,0,0,0
6kB5lc4TzNTEE1duAGX0zD,0,0,0,0,0,0,0,0,0,0,1,0,0,0,0,0,0
1xWbHRmEAvMXT9nnUtRJM8,0,0,0,0,0,0,0,0,0,0,1,0,0,0,0,0,0
52BydZHaxA12bNyuCLEcJx,0,0,0,0,0,0,0,0,0,0,1,0,0,0,0,0,0
1h2ctf6AQl7F0OHBsGW8Nq,0,0,0,0,0,0,0,0,0,0,1,0,0,0,0,0,0
4aDSY8WDIzLjUxNMs8DKcG,0,0,0,0,0,0,0,0,0,0,1,0,0,0,0,0,0
6JpWEmbfgHrfq6DkIUkNa9,0,0,0,0,0,0,0,0,0,0,1,0,0,0,0,0,0
32kt3cGG4YAonnGlqyxwhX,0,0,0,0,0,0,0,0,0,0,1,0,0,0,0,0,0
3dJ5zwuu6FB7yp2OmydI1t,0,0,0,0,0,0,0,0,0,0,1,0,0,0,0,0,0
3R2sKBMrTBcfGKr5XQq3b8,0,0,0,0,0,0,0,0,0,0,1,0,0,0,0,0,0
6chPxCScASHHiUjwK8Dp7R,0,0,0,0,0,0,0,0,0,0,1,0,0,0,0,0,0
4VaVTW7jQLPTWBjqQiKLTf,0,0,0,0,0,0,0,0,0,0,1,0,0,0,0,0,0
5zWiz45XbnjiHslYy2LiXO,0,0,0,0,0,0,0,0,0,0,1,0,0,0,0,0,0
4SwK3PSrmPXgiP6noxRRGG,0,0,0,0,0,0,0,0,0,0,1,0,0,0,0,0,0
3m5kKuqE59FKAdNMvXbbaF,0,0,0,0,0,0,0,0,0,0,1,0,0,0,0,0,0
6qaIjYAUiTHYGqCEKRu45U,0,0,0,0,0,0,0,0,0,0,1,0,0,0,0,0,0
7ubO0fYjijGH2bFfQI9ZNN,0,0,0,0,0,0,0,0,0,0,1,0,0,0,0,0,0
2TCD16k64KCn96JemWmZxv,0,0,0,0,0,0,0,0,0,0,1,0,0,0,0,0,0
2ioPAwPxvmips5srf5CyCZ,0,0,0,0,0,0,0,0,0,0,1,0,0,0,0,0,0
1sH1eH5JjaBKmy6t5VYKaG,0,0,0,0,0,0,0,0,0,0,1,0,0,0,0,0,0
7GhnJwfACNTFXOlyByTWtK,0,0,0,0,0,0,0,0,0,0,0,1,0,0,0,0,0
5KGn7C4GflN0EFMNqDmUY9,0,0,0,0,0,0,0,0,0,0,0,1,0,0,0,0,0
1okhlrAG0YsKTx9PpPprXv,0,0,0,0,0,0,0,0,0,0,0,1,0,0,0,0,0
7FiYF0ocZO3hwxrPkJ5wQs,0,0,0,0,0,0,0,0,0,0,0,1,0,0,0,0,0
6ohw29K9rIEYRUMFfTELeX,0,0,0,0,0,0,0,0,0,0,0,1,0,0,0,0,0
0yvPTNzH1e1V2rdbUGrVFp,0,0,0,0,0,0,0,0,0,0,0,1,0,0,0,0,0
4Gq2ikHCdv7v2Wfvb7Z8Ns,0,0,0,0,0,0,0,0,0,0,0,1,0,0,0,0,0
4FEcEwbE2vsqhxbTPtiNTL,0,0,0,0,0,0,0,0,0,0,0,1,0,0,0,0,0
4O2Cd6mRDAwXp5ggwDNYep,0,0,0,0,0,0,0,0,0,0,0,1,0,0,0,0,0
5NMpjgdyG48RGtkjj8QENH,0,0,0,0,0,0,0,0,0,0,0,1,0,0,0,0,0
37V78aaqEliOSPJxVgxNfm,0,0,0,0,0,0,0,0,0,0,0,1,0,0,0,0,0
28cF5QOu0CWdyTt6lYxIeA,0,0,0,0,0,0,0,0,0,0,0,1,0,0,0,0,0
6qOY5MMxZuN2DQGOJ6qSKR,0,0,0,0,0,0,0,0,0,0,0,1,0,0,0,0,0
5whiPPRn248jYANBCMzQoB,0,0,0,0,0,0,0,0,0,0,0,1,0,0,0,0,0
682HD7Z4WzSxqyjEJQgtBU,0,0,0,0,0,0,0,0,0,0,0,1,0,0,0,0,0
53n9JuWersB0N2D4Trpnba,0,0,0,0,0,0,0,0,0,0,0,1,0,0,0,0,0
4UFWtKJhmbRTI4ygW9RwTc,0,0,0,0,0,0,0,0,0,0,0,1,0,0,0,0,0
0RwDjtiwRatY6Ai8z5AIna,0,0,0,0,0,0,0,0,0,0,0,1,0,0,0,0,0
5xyVxSOLIeZFMR0UA8Asdr,0,0,0,0,0,0,0,0,0,0,0,1,0,0,0,0,0
3ijMfK5xwJTDdeyJp72mPM,0,0,0,0,0,0,0,0,0,0,0,1,0,0,0,0,0
5Z1mpxRySqQYig2wYuODyp,0,0,0,0,0,0,0,0,0,0,0,1,0,0,0,0,0
1EpF7SUZOEdYXAJF6QC43Z,0,0,0,0,0,0,0,0,0,0,0,1,0,0,0,0,0
30j17PGHg0vmx4IgKpZsWu,0,0,0,0,0,0,0,0,0,0,0,1,0,0,0,0,0
1no0u5mO6IY3B2L6dEzVrj,0,0,0,0,0,0,0,0,0,0,0,1,0,0,0,0,0
7Csd6ozp0Ci3ZDfvRgzrWz,0,0,0,0,0,0,0,0,0,0,0,1,0,0,0,0,0
5WNa0eaGNwQ1ZXTHVlULpd,0,0,0,0,0,0,0,0,0,0,0,1,0,0,0,0,0
1b27zUMtkjBkLpxtK77gR8,0,0,0,0,0,0,0,0,0,0,0,1,0,0,0,0,0
2Rzr9nzXM1yX3NB8CwHWQg,0,0,0,0,0,0,0,0,0,0,0,1,0,0,0,0,0
3YrHn8rV4DSyMjryTLIxo0,0,0,0,0,0,0,0,0,0,0,0,1,0,0,0,0,0
4jRZ1wJ3CefKbtDdH5Ke44,0,0,0,0,0,0,0,0,0,0,0,1,0,0,0,0,0
0rwcfDbRd4s6aKEsoiDCDg,0,0,0,0,0,0,0,0,0,0,0,1,0,0,0,0,0
5G0wcPfkDDRLhM5Q2zYHC9,0,0,0,0,0,0,0,0,0,0,0,1,0,0,0,0,0
57Y9YzDxXB2sVlhvqK94sK,0,0,0,0,0,0,0,0,0,0,0,1,0,0,0,0,0
6onf7sfOexU1s9F8733kJy,0,0,0,0,0,0,0,0,0,0,0,1,0,0,0,0,0
0ib3Pdvgp2ZDk6nO1DC3sJ,0,0,0,0,0,0,0,0,0,0,0,1,0,0,0,0,0
54e3ebIYiop6TgL8x9yHSV,0,0,0,0,0,0,0,0,0,0,0,1,0,0,0,0,0
2E7BbDuEdhPuOvomfdjuqt,0,0,0,0,0,0,0,0,0,0,0,1,0,0,0,0,0
4zdaqhDpl2pXrwTsqbqRG8,0,0,0,0,0,0,0,0,0,0,0,1,0,0,0,0,0
6NzTCxQukuyhipmtcizNwq,0,0,0,0,0,0,0,0,0,0,0,1,0,0,0,0,0
0WXFAweDUMSLl2YZl8NSTc,0,0,0,0,0,0,0,0,0,0,0,1,0,0,0,0,0
0XMEQwAZFgX4PGb5eu67B8,0,0,0,0,0,0,0,0,0,0,0,1,0,0,0,0,0
2VoAMUScQEOC99jaDkxelf,0,0,0,0,0,0,0,0,0,0,0,1,0,0,0,0,0
7r8f88Kapl0khiD2dYHKcQ,0,0,0,0,0,0,0,0,0,0,0,1,0,0,0,0,0
7zBFSexzY0VEmmeBmrq3R9,0,0,0,0,0,0,0,0,0,0,0,1,0,0,0,0,0
2PcfAH9v1eQvORCaIN8A2F,0,0,0,0,0,0,0,0,0,0,0,1,0,0,0,0,0
1SEBehSYYCuADY6kf3CHlP,0,0,0,0,0,0,0,0,0,0,0,1,0,0,0,0,0
4iELCZDu8BTCgP0MWNLQ9u,0,0,0,0,0,0,0,0,0,0,0,1,0,0,0,0,0
53QQrjfdapk1O1ZnkbgmRp,0,0,0,0,0,0,0,0,0,0,0,1,0,0,0,0,0
7I0rKU0b0QDggNRd6JnJQ0,0,0,0,0,0,0,0,0,0,0,0,1,0,0,0,0,0
4Np4NOxEBsYvPNBZ8W0BDu,0,0,0,0,0,0,0,0,0,0,0,1,0,0,0,0,0
4l8fwDaGkOWJqvNacpcBTo,0,0,0,0,0,0,0,0,0,0,0,1,0,0,0,0,0
7k2Ol1Tzgvt7mywZQvu6zB,0,0,0,0,0,0,0,0,0,0,0,1,0,0,0,0,0
2wxdmzjFaMfNgbPjCJQRo7,0,0,0,0,0,0,0,0,0,0,0,1,0,0,0,0,0
0Sl5hM8lWeHG2dwT1CrVQm,0,0,0,0,0,0,0,0,0,0,0,1,0,0,0,0,0
085egKocgu5WKCISuUBJFW,0,0,0,0,0,0,0,0,0,0,0,1,0,0,0,0,0
5krfM2qSv73Km5MMgzfkBJ,0,0,0,0,0,0,0,0,0,0,0,1,0,0,0,0,0
5FTR583VgLzb56v5LVPCGS,0,0,0,0,0,0,0,0,0,0,0,1,0,0,0,0,0
5V55t8Ss6n1zU9ScKrdYwP,0,0,0,0,0,0,0,0,0,0,0,1,0,0,0,0,0
148hYOO32AUgWvG6Fi1Ik4,0,0,0,0,0,0,0,0,0,0,0,1,0,0,0,0,0
06O0jpmcM916FT7I4L8O5Z,0,0,0,0,0,0,0,0,0,0,0,1,0,0,0,0,0
7KU1k3MVP8eFj81U3L85i8,0,0,0,0,0,0,0,0,0,0,0,1,0,0,0,0,0
0csz09qS2n8Jo7LogHKu7j,0,0,0,0,0,0,0,0,0,0,0,1,0,0,0,0,0
2Oz3Tj8RbLBZFW5Adsyzyj,0,0,0,0,0,0,0,0,0,0,0,1,0,0,0,0,0
4xULQ1OH1Rm5EpMhuEWULl,0,0,0,0,0,0,0,0,0,0,0,1,0,0,0,0,0
5XZgARVFrnVsMThGk0CFTl,0,0,0,0,0,0,0,0,0,0,0,1,0,0,0,0,0
4rIPBAktcZqB96z8DrOREd,0,0,0,0,0,0,0,0,0,0,0,1,0,0,0,0,0
46YtEycJJnh6nq7OZ8IFTw,0,0,0,0,0,0,0,0,0,0,0,1,0,0,0,0,0
3ydFRJUABULlXklU1M24TV,0,0,0,0,0,0,0,0,0,0,0,1,0,0,0,0,0
2CW2dYj1EvbQs35XufHkit,0,0,0,0,0,0,0,0,0,0,0,1,0,0,0,0,0
10bmUjdCwAcLNMaFs6BLNO,0,0,0,0,0,0,0,0,0,0,0,1,0,0,0,0,0
6gIeeh4nIEM5vopDbvVNfQ,0,0,0,0,0,0,0,0,0,0,0,1,0,0,0,0,0
5DCoLPjn4bBNmf41iVG5Vh,0,0,0,0,0,0,0,0,0,0,0,1,0,0,0,0,0
5LA74AduqAq7wVQYB8zYGY,0,0,0,0,0,0,0,0,0,0,0,1,0,0,0,0,0
7aggzqfbAW7LnkJUy9UAdJ,0,0,0,0,0,0,0,0,0,0,0,1,0,0,0,0,0
6EJdMfuTTtkT3ODpuT0MyP,0,0,0,0,0,0,0,0,0,0,0,1,0,0,0,0,0
0GNDtlr5gUvO8SfjIkj3bP,0,0,0,0,0,0,0,0,0,0,0,1,0,0,0,0,0
0RdwywlRjjR9G83T6zrsTN,0,0,0,0,0,0,0,0,0,0,0,1,0,0,0,0,0
01sG4npAQsRvlvGAu63lUV,0,0,0,0,0,0,0,0,0,0,0,1,0,0,0,0,0
6toCdsVO7FKI7Ggedfe1Ed,0,0,0,0,0,0,0,0,0,0,0,1,0,0,0,0,0
7JIZbrUykuhWue9puIHrcw,0,0,0,0,0,0,0,0,0,0,0,1,0,0,0,0,0
3cPE7yLCgtxiQ0t35jfuXl,0,0,0,0,0,0,0,0,0,0,0,1,0,0,0,0,0
06sV7v0pvyvTbssfNCUWR7,0,0,0,0,0,0,0,0,0,0,0,1,0,0,0,0,0
4tjiMso6FJp1FTlZKOaqqX,0,0,0,0,0,0,0,0,0,0,0,1,0,0,0,0,0
5yNHdMA27nhu4vU2mRtXF0,0,0,0,0,0,0,0,0,0,0,0,1,0,0,0,0,0
6TKfUcycoUsmVPPmow9UVl,0,0,0,0,0,0,0,0,0,0,0,1,0,0,0,0,0
0tlztRFDgCSnAbUxllcZJJ,0,0,0,0,0,0,0,0,0,0,0,1,0,0,0,0,0
6GJoytv9I4LIx1vc4H58M1,0,0,0,0,0,0,0,0,0,0,0,1,0,0,0,0,0
3TXU98VC2CgMeZlrUJNNB8,0,0,0,0,0,0,0,0,0,0,0,1,0,0,0,0,0
6OPf7G2HY8YRoCWHKy2CTy,0,0,0,0,0,0,0,0,0,0,0,1,0,0,0,0,0
6HBY9XZasGf1uLp6jQtYCO,0,0,0,0,0,0,0,0,0,0,0,1,0,0,0,0,0
7DLxRocVGAXVaq63ZuuIby,0,0,0,0,0,0,0,0,0,0,0,1,0,0,0,0,0
2eTrRa2W45LIN8BLEsGYsH,0,0,0,0,0,0,0,0,0,0,0,1,0,0,0,0,0
0d3VAot2NOkRFhxc98nrKj,0,0,0,0,0,0,0,0,0,0,0,1,0,0,0,0,0
5zLVJErfsLzgmvJyR9ojBD,0,0,0,0,0,0,0,0,0,0,0,1,0,0,0,0,0
3nyYXZpxyzgYd5Nlo80lgs,0,0,0,0,0,0,0,0,0,0,0,1,0,0,0,0,0
58cSF5Hp2cib67QVwExSbu,0,0,0,0,0,0,0,0,0,0,0,1,0,0,0,0,0
4oPRbl21srYBygZSzHpD0A,0,0,0,0,0,0,0,0,0,0,0,1,0,0,0,0,0
2rnp47aERCVpURsFl399Bg,0,0,0,0,0,0,0,0,0,0,0,1,0,0,0,0,0
37qV9lhTq40KXUoPLXfGZ6,0,0,0,0,0,0,0,0,0,0,0,1,0,0,0,0,0
4gtXFNAT73fwZlLlrehHgF,0,0,0,0,0,0,0,0,0,0,0,1,0,0,0,0,0
5mf3p8pyhLHoS4EWeD354I,0,0,0,0,0,0,0,0,0,0,0,0,1,0,0,0,0
3ncucOcYMOd7VQ1jyAA6BU,0,0,0,0,0,0,0,0,0,0,0,0,1,0,0,0,0
5guQjkjzpIMpX81VAZTHNy,0,0,0,0,0,0,0,0,0,0,0,0,1,0,0,0,0
1T8IRUJBga0JXioJZvxjBR,0,0,0,0,0,0,0,0,0,0,0,0,1,0,0,0,0
7fBy8RKySzM04XrtYm2SJc,0,0,0,0,0,0,0,0,0,0,0,0,1,0,0,0,0
3rx6ENPfEGYiQVPP1jsVtx,0,0,0,0,0,0,0,0,0,0,0,0,1,0,0,0,0
1u9wZPcZ72MtBdmsmh0FdT,0,0,0,0,0,0,0,0,0,0,0,0,1,0,0,0,0
5kfpeoBEHHmIeVYATl6khw,0,0,0,0,0,0,0,0,0,0,0,0,1,0,0,0,0
1nqqyTJOBRPO5fRuOXoxKW,0,0,0,0,0,0,0,0,0,0,0,0,1,0,0,0,0
1NGBpjIrZIe0RagRFmyXfg,0,0,0,0,0,0,0,0,0,0,0,0,1,0,0,0,0
5qR6Na1PE0Q2s0i2nkvmER,0,0,0,0,0,0,0,0,0,0,0,0,1,0,0,0,0
0VB4kn8Xjtq5Osxqm57Upt,0,0,0,0,0,0,0,0,0,0,0,0,1,0,0,0,0
2tlFPMw7kaRe0UL42iXhC7,0,0,0,0,0,0,0,0,0,0,0,0,1,0,0,0,0
0VrXpPSNlwKep3otvmw9iX,0,0,0,0,0,0,0,0,0,0,0,0,1,0,0,0,0
1UxhZwFgV4t8OSBWORCBMG,0,0,0,0,0,0,0,0,0,0,0,0,1,0,0,0,0
3ZJksw8qj1f0beS3RHm8I3,0,0,0,0,0,0,0,0,0,0,0,0,1,0,0,0,0
2jZ2QlX1rGgdMSnjSbM2SC,0,0,0,0,0,0,0,0,0,0,0,0,1,0,0,0,0
4nb2nUKvsp28TKE9NSjsrW,0,0,0,0,0,0,0,0,0,0,0,0,1,0,0,0,0
5jFoxzpYeDOzLpjsNbrn9m,0,0,0,0,0,0,0,0,0,0,0,0,1,0,0,0,0
59xf0j7TD8NOsY4gmS2UcZ,0,0,0,0,0,0,0,0,0,0,0,0,1,0,0,0,0
0zMXMRSvsp1rUR6b2OQzM8,0,0,0,0,0,0,0,0,0,0,0,0,1,0,0,0,0
4fFGvYEG72Y3Imc1vKb8Yf,0,0,0,0,0,0,0,0,0,0,0,0,1,0,0,0,0
4kF5GADt85FeD8Y26RRyLY,0,0,0,0,0,0,0,0,0,0,0,0,1,0,0,0,0
0jXfVK691dITawcnze17h2,0,0,0,0,0,0,0,0,0,0,0,0,1,0,0,0,0
6S4Q0HDqHDsdcmfFNvyc8y,0,0,0,0,0,0,0,0,0,0,0,0,1,0,0,0,0
0oMC1XzzCa9IGFXMiUp9WW,0,0,0,0,0,0,0,0,0,0,0,0,1,0,0,0,0
5bU4KX47KqtDKKaLM4QCzh,0,0,0,0,0,0,0,0,0,0,0,0,1,0,0,0,0
6lMYWulkz9tC1OR9xHiE9Q,0,0,0,0,0,0,0,0,0,0,0,0,1,0,0,0,0
0Y9Vvicrw9zj40jtEK4tRL,0,0,0,0,0,0,0,0,0,0,0,0,1,0,0,0,0
3Zp8royiKaLLhyLy68msyS,0,0,0,0,0,0,0,0,0,0,0,0,1,0,0,0,0
3bPM4JJvL7VwcnMh9Yl2Oz,0,0,0,0,0,0,0,0,0,0,0,0,1,0,0,0,0
11uHy5357PCMtPosATQtJr,0,0,0,0,0,0,0,0,0,0,0,0,1,0,0,0,0
4D1ucjSLckZ74e0rUfdFMg,0,0,0,0,0,0,0,0,0,0,0,0,1,0,0,0,0
7brFX4c6J3FbsHuIEw2uHi,0,0,0,0,0,0,0,0,0,0,0,0,1,0,0,0,0
13VbFEZvg3etUT8vz4YIhI,0,0,0,0,0,0,0,0,0,0,0,0,1,0,0,0,0
3l59WwONGVW1OIEVqxr5Li,0,0,0,0,0,0,0,0,0,0,0,0,1,0,0,0,0
0qGbzBx02qt7MwtAgNjRDj,0,0,0,0,0,0,0,0,0,0,0,0,1,0,0,0,0
3Ka3b6jgY9XH6SrcUzOCjn,0,0,0,0,0,0,0,0,0,0,0,0,1,0,0,0,0
1E1UzXUJfTFSTZfYpJohIv,0,0,0,0,0,0,0,0,0,0,0,0,1,0,0,0,0
4KTgD62vgozCfk2Inbo9fm,0,0,0,0,0,0,0,0,0,0,0,0,1,0,0,0,0
3U3DKA3ou2kJdurTeXDVTz,0,0,0,0,0,0,0,0,0,0,0,0,1,0,0,0,0
6zK40BRKipYTivAePTIxmd,0,0,0,0,0,0,0,0,0,0,0,0,1,0,0,0,0
3rz3sJDO0t0sTqaN2cAood,0,0,0,0,0,0,0,0,0,0,0,0,1,0,0,0,0
6Nm8h73ycDG2saCnZV8poF,0,0,0,0,0,0,0,0,0,0,0,0,1,0,0,0,0
6DRhWAXh1pRkbaBJ4WbXLh,0,0,0,0,0,0,0,0,0,0,0,0,1,0,0,0,0
4J2aPhC2ODvSURePYP5DqE,0,0,0,0,0,0,0,0,0,0,0,0,1,0,0,0,0
2FcrIQ9A3i6KO2ntF5Yfsu,0,0,0,0,0,0,0,0,0,0,0,0,1,0,0,0,0
7j43FohbLVulScL7S9sQZk,0,0,0,0,0,0,0,0,0,0,0,0,1,0,0,0,0
7k2SHJ8HKjjW3sZcDj2eAz,0,0,0,0,0,0,0,0,0,0,0,0,1,0,0,0,0
22YDeLoN7Oe4t6OKKOLRz2,0,0,0,0,0,0,0,0,0,0,0,0,1,0,0,0,0
5C5RpCYrAcY5bXXWnlR8mS,0,0,0,0,0,0,0,0,0,0,0,0,1,0,0,0,0
0PAR95bj6egxPtdzMkgFEU,0,0,0,0,0,0,0,0,0,0,0,0,1,0,0,0,0
64hRpVVHwn3EXx20zjtXlH,0,0,0,0,0,0,0,0,0,0,0,0,1,0,0,0,0
1YVuJrfHHmD4ilULhAVqPW,0,0,0,0,0,0,0,0,0,0,0,0,1,0,0,0,0
3YlXqeGh10AADlm9tt7bbK,0,0,0,0,0,0,0,0,0,0,0,0,1,0,0,0,0
6uOzYMGucTA0MAFwS2FNB2,0,0,0,0,0,0,0,0,0,0,0,0,1,0,0,0,0
2gYCaUsqrnBOt7DymQCY6d,0,0,0,0,0,0,0,0,0,0,0,0,1,0,0,0,0
1D3oQLA2xghgE1agGmDlPT,0,0,0,0,0,0,0,0,0,0,0,0,1,0,0,0,0
0JO8ZD69eDoSl2NaOZgZTc,0,0,0,0,0,0,0,0,0,0,0,0,1,0,0,0,0
0Vcpo9El50PNNbZXfKbNti,0,0,0,0,0,0,0,0,0,0,0,0,1,0,0,0,0
4YhqUU66bIqBapat2XD1Cg,0,0,0,0,0,0,0,0,0,0,0,0,1,0,0,0,0
5h9qNlgw6jkdpfZSDH1hMh,0,0,0,0,0,0,0,0,0,0,0,0,1,0,0,0,0
52ifDA7LHZwLFWnMDkibQv,0,0,0,0,0,0,0,0,0,0,0,0,1,0,0,0,0
5iwwHtW8mghDtFh42V4ZyR,0,0,0,0,0,0,0,0,0,0,0,0,1,0,0,0,0
3GwzYHGrRn7wMfRtvbjg2U,0,0,0,0,0,0,0,0,0,0,0,0,1,0,0,0,0
3d3k8g4GTVx9EFIFlOZOEX,0,0,0,0,0,0,0,0,0,0,0,0,1,0,0,0,0
2yY4ojg6wfEFBGVZoJuXqK,0,0,0,0,0,0,0,0,0,0,0,0,1,0,0,0,0
5SSgOEhCl3C20ioDkt96fr,0,0,0,0,0,0,0,0,0,0,0,0,1,0,0,0,0
2evoS3lDuKhiTACNU8T3ny,0,0,0,0,0,0,0,0,0,0,0,0,1,0,0,0,0
1vZ4lU7xoh6O9qu8o6gCK6,0,0,0,0,0,0,0,0,0,0,0,0,1,0,0,0,0
2Ad7XA54Jw0YyBF5rjiFyl,0,0,0,0,0,0,0,0,0,0,0,0,1,0,0,0,0
0cSd01K5jeFTDLSrD95dEb,0,0,0,0,0,0,0,0,0,0,0,0,1,0,0,0,0
6jc5gHCmrZW1XLcRM3wFlC,0,0,0,0,0,0,0,0,0,0,0,0,1,0,0,0,0
4ibsb2epoSHZzDCeoZEluQ,0,0,0,0,0,0,0,0,0,0,0,0,1,0,0,0,0
1hNE737dkYD9ZM1J8H9chv,0,0,0,0,0,0,0,0,0,0,0,0,1,0,0,0,0
1h4QGHo9jTntOiK5A61dzP,0,0,0,0,0,0,0,0,0,0,0,0,1,0,0,0,0
5YeQoMo5py82YmqXMTjM5S,0,0,0,0,0,0,0,0,0,0,0,0,1,0,0,0,0
4GtKwWPKlVWrhmCmOGFb51,0,0,0,0,0,0,0,0,0,0,0,0,1,0,0,0,0
6hvBZMTNAJTCei1BxEATzK,0,0,0,0,0,0,0,0,0,0,0,0,1,0,0,0,0
7sOtLB5pwbLOa74X8g8BjK,0,0,0,0,0,0,0,0,0,0,0,0,1,0,0,0,0
1d3iQh4fTm5D6iRtgrZPZ9,0,0,0,0,0,0,0,0,0,0,0,0,1,0,0,0,0
6gcFq5UOdNa8LzTRd4lldD,0,0,0,0,0,0,0,0,0,0,0,0,1,0,0,0,0
2JUo8iX8FC05xd9GEpw9BI,0,0,0,0,0,0,0,0,0,0,0,0,1,0,0,0,0
0VTDOr2TTKXeTAeXTfSLQH,0,0,0,0,0,0,0,0,0,0,0,0,1,0,0,0,0
3NDXaUSkdIu36ORI7TpB7J,0,0,0,0,0,0,0,0,0,0,0,0,1,0,0,0,0
0nuPTlaHKknCMqwkiIgqSf,0,0,0,0,0,0,0,0,0,0,0,0,1,0,0,0,0
5hUXk4avvJ7a1vjbsS0Kiq,0,0,0,0,0,0,0,0,0,0,0,0,1,0,0,0,0
0HzbDl381rdXtSOaJk20eH,0,0,0,0,0,0,0,0,0,0,0,0,1,0,0,0,0
00YeAWckFwAyrvzvHlYMOk,0,0,0,0,0,0,0,0,0,0,0,0,1,0,0,0,0
43zzNBaOzTuSraWzROV5AG,0,0,0,0,0,0,0,0,0,0,0,0,1,0,0,0,0
0BX3ysoHJvxmLEhPMAfb2z,0,0,0,0,0,0,0,0,0,0,0,0,1,0,0,0,0
6O7pihLJgeqxUnG7u9oYL2,0,0,0,0,0,0,0,0,0,0,0,0,1,0,0,0,0
6N09DiGe5l8xB8YfCSn2Gx,0,0,0,0,0,0,0,0,0,0,0,0,1,0,0,0,0
4qjvr0qMFUo26SxwC4VygS,0,0,0,0,0,0,0,0,0,0,0,0,1,0,0,0,0
0HSVba6oa1QdUkco67C3e3,0,0,0,0,0,0,0,0,0,0,0,0,1,0,0,0,0
1mTCbTpcM1nKkH0wGf70Zq,0,0,0,0,0,0,0,0,0,0,0,0,1,0,0,0,0
010zNby24HBoMyMZClgViJ,0,0,0,0,0,0,0,0,0,0,0,0,1,0,0,0,0
1SruLf1FO8Aihdgfhgxyr9,0,0,0,0,0,0,0,0,0,0,0,0,1,0,0,0,0
488SDLKT79YUhmwlb8uDSp,0,0,0,0,0,0,0,0,0,0,0,0,1,0,0,0,0
2aIB1CdRRG7YLBu9hNw9nR,0,0,0,0,0,0,0,0,0,0,0,0,1,0,0,0,0
46XykrGmCyHaw4ZpEF8PnX,0,0,0,0,0,0,0,0,0,0,0,0,0,1,0,0,0
0M07XMvl0ylY9VVt69LsJu,0,0,0,0,0,0,0,0,0,0,0,0,0,1,0,0,0
5weOq4YmiAgStu1cmSZQuB,0,0,0,0,0,0,0,0,0,0,0,0,0,1,0,0,0
29IGa4pfhldMYeYlbUJeiF,0,0,0,0,0,0,0,0,0,0,0,0,0,1,0,0,0
0OW70Ztlpc18jSTgdhQBEq,0,0,0,0,0,0,0,0,0,0,0,0,0,1,0,0,0
0KsmW0uvjP3c4s7Lno18bm,0,0,0,0,0,0,0,0,0,0,0,0,0,1,0,0,0
3T6NtWjH6klzhSsAGROlqY,0,0,0,0,0,0,0,0,0,0,0,0,0,1,0,0,0
3Wf6hVbr3YWCWt9py5OzDy,0,0,0,0,0,0,0,0,0,0,0,0,0,1,0,0,0
34ne8DjjVzC1BoO5CAho0a,0,0,0,0,0,0,0,0,0,0,0,0,0,1,0,0,0
1oitDP02bYLiWJTO1Z2aGC,0,0,0,0,0,0,0,0,0,0,0,0,0,1,0,0,0
2LQhGTl2rtQ9R4Ppdp1HyH,0,0,0,0,0,0,0,0,0,0,0,0,0,1,0,0,0
4hl7Fu604rMlt4viCJmSN9,0,0,0,0,0,0,0,0,0,0,0,0,0,1,0,0,0
2LLdVCJACl8QsY9tLPLrxp,0,0,0,0,0,0,0,0,0,0,0,0,0,1,0,0,0
4KtFLus8yM9ieUoe3Mx6SY,0,0,0,0,0,0,0,0,0,0,0,0,0,1,0,0,0
6OGBuLWtrwrO08Kx3AcvNp,0,0,0,0,0,0,0,0,0,0,0,0,0,1,0,0,0
1259ck9dunNemJg343Qt0w,0,0,0,0,0,0,0,0,0,0,0,0,0,1,0,0,0
3NqUxlTEqHzM2gaLcUvoTG,0,0,0,0,0,0,0,0,0,0,0,0,0,1,0,0,0
44uK6MFWwtjGVAHVnsI59n,0,0,0,0,0,0,0,0,0,0,0,0,0,1,0,0,0
1o9VJSwuiMaTSbhOn3gEzx,0,0,0,0,0,0,0,0,0,0,0,0,0,1,0,0,0
2jv1I7mLxwhkcO7acO4vGO,0,0,0,0,0,0,0,0,0,0,0,0,0,1,0,0,0
3zvMcYFoa44U3Gb4o4o753,0,0,0,0,0,0,0,0,0,0,0,0,0,1,0,0,0
6GwHqZ8aM58nTcGzulYmsm,0,0,0,0,0,0,0,0,0,0,0,0,0,1,0,0,0
5uGAsQOyfMih2F9Zk8TkYH,0,0,0,0,0,0,0,0,0,0,0,0,0,1,0,0,0
3gaWoB5GEzUgCGOM2HIw5b,0,0,0,0,0,0,0,0,0,0,0,0,0,1,0,0,0
6phXaP28ZIrCuAfBKSnSpc,0,0,0,0,0,0,0,0,0,0,0,0,0,1,0,0,0
09OONn3fkGVUCPjPTG7Xyp,0,0,0,0,0,0,0,0,0,0,0,0,0,1,0,0,0
3hkvpd1L1Cmf1ZvmSqXbZU,0,0,0,0,0,0,0,0,0,0,0,0,0,1,0,0,0
5UWlHCUy09ojLqdpV0tlbt,0,0,0,0,0,0,0,0,0,0,0,0,0,1,0,0,0
54wiylSmLewMlot1VkeAVa,0,0,0,0,0,0,0,0,0,0,0,0,0,1,0,0,0
5I18136LcxEO2AfS5x5KIJ,0,0,0,0,0,0,0,0,0,0,0,0,0,1,0,0,0
5iFx62onp7Jnz9TeTuFs0Q,0,0,0,0,0,0,0,0,0,0,0,0,0,1,0,0,0
1RrrlYfLmQveNOFvkVko8v,0,0,0,0,0,0,0,0,0,0,0,0,0,1,0,0,0
46N0cSUeoKfdGOGG852Jk1,0,0,0,0,0,0,0,0,0,0,0,0,0,1,0,0,0
7oirL9GFSN4xOvb1MTN4IU,0,0,0,0,0,0,0,0,0,0,0,0,0,1,0,0,0
5JuwReeDuunfHJApP5y8a9,0,0,0,0,0,0,0,0,0,0,0,0,0,1,0,0,0
0kLNsHxGapjwwNsJHfyLAj,0,0,0,0,0,0,0,0,0,0,0,0,0,1,0,0,0
3jgpE2RhPNOD98t5PoYTrT,0,0,0,0,0,0,0,0,0,0,0,0,0,1,0,0,0
0IGOSvMMFsLVYvUfXqKHjD,0,0,0,0,0,0,0,0,0,0,0,0,0,1,0,0,0
6jL9KLXuwvFA1PMZ0yZLhP,0,0,0,0,0,0,0,0,0,0,0,0,0,1,0,0,0
0AAOWhjXSeBp1aTGf79012,0,0,0,0,0,0,0,0,0,0,0,0,0,1,0,0,0
0KT802lLtCx8vtaVcOF24d,0,0,0,0,0,0,0,0,0,0,0,0,0,1,0,0,0
6PpwFNp103oI07s2otehgZ,0,0,0,0,0,0,0,0,0,0,0,0,0,1,0,0,0
5zBYq1HfbTCwbGjIgSP3Ou,0,0,0,0,0,0,0,0,0,0,0,0,0,1,0,0,0
3FzO8SebmJvtEeLSgpSevc,0,0,0,0,0,0,0,0,0,0,0,0,0,1,0,0,0
3fFrEqJUxGgjRsRJ8QEj6h,0,0,0,0,0,0,0,0,0,0,0,0,0,1,0,0,0
4ssKfm1dqsr1cZm2ds8CNs,0,0,0,0,0,0,0,0,0,0,0,0,0,1,0,0,0
1oS2KLeNQcz2AUr6ZqdV7K,0,0,0,0,0,0,0,0,0,0,0,0,0,1,0,0,0
0VkDJuw8fCuaLFRk8L7O3w,0,0,0,0,0,0,0,0,0,0,0,0,0,1,0,0,0
4k7175fpsv6tHhijvN3CjE,0,0,0,0,0,0,0,0,0,0,0,0,0,1,0,0,0
65avt9HtCTofE3r4sYGs48,0,0,0,0,0,0,0,0,0,0,0,0,0,1,0,0,0
2uQWi34NKPHpka4ldYrki4,0,0,0,0,0,0,0,0,0,0,0,0,0,1,0,0,0
0zGU5UwfhKfAV0LgMfccmP,0,0,0,0,0,0,0,0,0,0,0,0,0,1,0,0,0
7l5FHmJqJaaSVPDF4Opsix,0,0,0,0,0,0,0,0,0,0,0,0,0,1,0,0,0
15BCiNT8YBJ5IvSOLR2qIR,0,0,0,0,0,0,0,0,0,0,0,0,0,1,0,0,0
4CbEP5CJiJsC3KE7Ssaorw,0,0,0,0,0,0,0,0,0,0,0,0,0,1,0,0,0
6hg11XB9rUTSM92Sx2WDhJ,0,0,0,0,0,0,0,0,0,0,0,0,0,1,0,0,0
3tQSq6JY85DV7Wfxh0SS6f,0,0,0,0,0,0,0,0,0,0,0,0,0,1,0,0,0
6xtL2zJzyyANW1K2so6yLf,0,0,0,0,0,0,0,0,0,0,0,0,0,1,0,0,0
1uUb7jXf2JoKHxslefbC9W,0,0,0,0,0,0,0,0,0,0,0,0,0,1,0,0,0
1IDidu7L32hNr9W91kVusg,0,0,0,0,0,0,0,0,0,0,0,0,0,1,0,0,0
11RXJ1AauEmSX75iakdL21,0,0,0,0,0,0,0,0,0,0,0,0,0,0,1,0,0
7c8vVfnqkbWJS1GPLUMriX,0,0,0,0,0,0,0,0,0,0,0,0,0,0,1,0,0
4noGBWrJV6apZAEK19UzJz,0,0,0,0,0,0,0,0,0,0,0,0,0,0,1,0,0
2r1YHhle8F0Wh9hUbTk8AQ,0,0,0,0,0,0,0,0,0,0,0,0,0,0,1,0,0
269u3EaupyNQkaVNEXAIKc,0,0,0,0,0,0,0,0,0,0,0,0,0,0,1,0,0
55BIh0hxnHPuKVsTLhZnqS,0,0,0,0,0,0,0,0,0,0,0,0,0,0,1,0,0
1nst5BRI3Ui94BplQ6wYjC,0,0,0,0,0,0,0,0,0,0,0,0,0,0,1,0,0
5T5ik7kItjz9apmIJR7tcC,0,0,0,0,0,0,0,0,0,0,0,0,0,0,1,0,0
1GYFN7hxmY553P0xmZpU8Q,0,0,0,0,0,0,0,0,0,0,0,0,0,0,1,0,0
6moWHXg4G0vb3v9Fd4PaD7,0,0,0,0,0,0,0,0,0,0,0,0,0,0,1,0,0
0jA4T1QAiFX1jKFNX6DpKw,0,0,0,0,0,0,0,0,0,0,0,0,0,0,1,0,0
5JcAuqCtuuZYANh0muse1y,0,0,0,0,0,0,0,0,0,0,0,0,0,0,1,0,0
6wFnv5oxayOr88V5q7jArL,0,0,0,0,0,0,0,0,0,0,0,0,0,0,1,0,0
5gBqsnOCMpMI0Oe8uTH7A6,0,0,0,0,0,0,0,0,0,0,0,0,0,0,1,0,0
0lRfksu6CZrxY8LrsIsHjd,0,0,0,0,0,0,0,0,0,0,0,0,0,0,1,0,0
4XVF72T8HXng0pQD3ldJAc,0,0,0,0,0,0,0,0,0,0,0,0,0,0,1,0,0
327jo1Wrp127PRSDttfXF5,0,0,0,0,0,0,0,0,0,0,0,0,0,0,1,0,0
5uV4uilxEaddomtO2BeHH1,0,0,0,0,0,0,0,0,0,0,0,0,0,0,1,0,0
7jzcImgU2sCS2TuVyKvhCX,0,0,0,0,0,0,0,0,0,0,0,0,0,0,1,0,0
1Rr4CKqicBmTNxMfnOpIa1,0,0,0,0,0,0,0,0,0,0,0,0,0,0,1,0,0
0t0kPYCmljLPCS2TcQQogJ,0,0,0,0,0,0,0,0,0,0,0,0,0,0,1,0,0
6B6jWtgW9ZCocu0alFox1m,0,0,0,0,0,0,0,0,0,0,0,0,0,0,1,0,0
53G8abQvp48LtIzFL5u9Ah,0,0,0,0,0,0,0,0,0,0,0,0,0,0,1,0,0
1B67ptXH1xg3OHTMVFW37r,0,0,0,0,0,0,0,0,0,0,0,0,0,0,1,0,0
3QfIkyXsWBVSY6rlboDcwN,0,0,0,0,0,0,0,0,0,0,0,0,0,0,1,0,0
4qlVS1fB45I2vwu3Xbc2z6,0,0,0,0,0,0,0,0,0,0,0,0,0,0,1,0,0
2Cn42wAQwgQ5qv61UUdKdR,0,0,0,0,0,0,0,0,0,0,0,0,0,0,1,0,0
6QnLtJfGV9lLLuQU59Knfe,0,0,0,0,0,0,0,0,0,0,0,0,0,0,1,0,0
41NEHLGt9hJul5U0IBad8b,0,0,0,0,0,0,0,0,0,0,0,0,0,0,1,0,0
4xZax8srPgsXV2mpMerqEk,0,0,0,0,0,0,0,0,0,0,0,0,0,0,1,0,0
24I0UzzlxYuJXePShdsTaL,0,0,0,0,0,0,0,0,0,0,0,0,0,0,1,0,0
35mpJSgKkYJdWrWDC3UO0U,0,0,0,0,0,0,0,0,0,0,0,0,0,0,1,0,0
6OxwxiRSuzBJuvkUJ4ihjk,0,0,0,0,0,0,0,0,0,0,0,0,0,0,1,0,0
1xBXNk9ugTYyQRMIakSK0Q,0,0,0,0,0,0,0,0,0,0,0,0,0,0,1,0,0
5JgW8g5qxWTEFzg50PiUqv,0,0,0,0,0,0,0,0,0,0,0,0,0,0,1,0,0
6RAXqmBTblxeEFmBtNcwtE,0,0,0,0,0,0,0,0,0,0,0,0,0,0,1,0,0
4jjUoFhtnjocX5JanSzSFF,0,0,0,0,0,0,0,0,0,0,0,0,0,0,1,0,0
7wTGQKmQoj7BnjNEvJOyTe,0,0,0,0,0,0,0,0,0,0,0,0,0,0,1,0,0
01C1tnLhBPw4MbAow3SeuH,0,0,0,0,0,0,0,0,0,0,0,0,0,0,1,0,0
5UssGupTah1D1Iga1gMn45,0,0,0,0,0,0,0,0,0,0,0,0,0,0,1,0,0
44xcyZkeyuoDivY2nuNPSM,0,0,0,0,0,0,0,0,0,0,0,0,0,0,1,0,0
1TH78wii8ZXh8UvVnv1vBU,0,0,0,0,0,0,0,0,0,0,0,0,0,0,1,0,0
3OePDv6zr5Ibz0HwERcefQ,0,0,0,0,0,0,0,0,0,0,0,0,0,0,1,0,0
4j65mE76DFb9Q1zJikIJXe,0,0,0,0,0,0,0,0,0,0,0,0,0,0,1,0,0
1LuIXOl92Q6QC7nfS5B0UW,0,0,0,0,0,0,0,0,0,0,0,0,0,0,1,0,0
5cVnYm1IDWhHnDSZrWhIAn,0,0,0,0,0,0,0,0,0,0,0,0,0,0,1,0,0
3W2aEQGZtqyX3eTWvSj6Ub,0,0,0,0,0,0,0,0,0,0,0,0,0,0,1,0,0
2p91paLPfThoG3gnkIQPvz,0,0,0,0,0,0,0,0,0,0,0,0,0,0,1,0,0
5o990tKGmOyNWaSwRKpCay,0,0,0,0,0,0,0,0,0,0,0,0,0,0,1,0,0
2QUQgmpGxTy3EWxYtj3JPD,0,0,0,0,0,0,0,0,0,0,0,0,0,0,1,0,0
71qpzpK32feDRAQI4FvMc6,0,0,0,0,0,0,0,0,0,0,0,0,0,0,1,0,0
5ruzGMgLm1Avc5m9QGuizD,0,0,0,0,0,0,0,0,0,0,0,0,0,0,1,0,0
7zDWww6tXcSXFQCkiWJehT,0,0,0,0,0,0,0,0,0,0,0,0,0,0,1,0,0
74nXamouGrGIVARKJaSQtO,0,0,0,0,0,0,0,0,0,0,0,0,0,0,1,0,0
6VI9fsZj5j6ZOGmeNIloC0,0,0,0,0,0,0,0,0,0,0,0,0,0,0,1,0,0
2knwCp7Mk0GIVH8G8O9hTc,0,0,0,0,0,0,0,0,0,0,0,0,0,0,1,0,0
70bd4Y7DSIhbMmwMlVUDzO,0,0,0,0,0,0,0,0,0,0,0,0,0,0,1,0,0
4sKLvnnXHJwzLuS5LSMxvp,0,0,0,0,0,0,0,0,0,0,0,0,0,0,1,0,0
1DDmvQSDm52hJRfCjeoqqP,0,0,0,0,0,0,0,0,0,0,0,0,0,0,1,0,0
30ZZhyxpXOGCBBOA1OpKBf,0,0,0,0,0,0,0,0,0,0,0,0,0,0,1,0,0
0zGXfefNWY4CgxzgpgO0F0,0,0,0,0,0,0,0,0,0,0,0,0,0,0,1,0,0
0cjs6us6S9XQPo7eDstDID,0,0,0,0,0,0,0,0,0,0,0,0,0,0,1,0,0
0qJkYnXVlPCdi3lgfhMVtW,0,0,0,0,0,0,0,0,0,0,0,0,0,0,1,0,0
2leyW71HGfD6KqJSnTbIdm,0,0,0,0,0,0,0,0,0,0,0,0,0,0,1,0,0
587w9pOR9UNvFJOwkW7NgD,0,0,0,0,0,0,0,0,0,0,0,0,0,0,1,0,0
4StZuE3DEKcRZYMgdDxJuX,0,0,0,0,0,0,0,0,0,0,0,0,0,0,1,0,0
6utwmLAd4ep8hkQce0eXF3,0,0,0,0,0,0,0,0,0,0,0,0,0,0,1,0,0
2MvJwokJ6Vx2pxMMiHHe2X,0,0,0,0,0,0,0,0,0,0,0,0,0,0,1,0,0
6aqFUZTVS2THRvnxWO9UrW,0,0,0,0,0,0,0,0,0,0,0,0,0,0,1,0,0
3PoXdtxbpLC2nVhIupEvVS,0,0,0,0,0,0,0,0,0,0,0,0,0,0,1,0,0
3pC3h8pQjbadljntOeEvi7,0,0,0,0,0,0,0,0,0,0,0,0,0,0,1,0,0
4AlofiTiubDOvZ6aAifK5v,0,0,0,0,0,0,0,0,0,0,0,0,0,0,1,0,0
123ZnZbEhHE9Ju8v7GAMiK,0,0,0,0,0,0,0,0,0,0,0,0,0,0,1,0,0
3L8NGBuuTgICHNi34xj7vf,0,0,0,0,0,0,0,0,0,0,0,0,0,0,1,0,0
6TWeVcRgtkUqVNN85Vva5k,0,0,0,0,0,0,0,0,0,0,0,0,0,0,1,0,0
4pn3z1W34IpLLhzs497KQ2,0,0,0,0,0,0,0,0,0,0,0,0,0,0,1,0,0
0xmIa66Ep0QSQNT688opgs,0,0,0,0,0,0,0,0,0,0,0,0,0,0,1,0,0
4jUdV7tQ4gm4nsG7nItWKy,0,0,0,0,0,0,0,0,0,0,0,0,0,0,1,0,0
78ytCPmOi43hrCbBRlIvbf,0,0,0,0,0,0,0,0,0,0,0,0,0,0,1,0,0
2twpunMSvNXBGzyhoHvsxM,0,0,0,0,0,0,0,0,0,0,0,0,0,0,1,0,0
6V8jRPDlIQqGDTqwMKEN4R,0,0,0,0,0,0,0,0,0,0,0,0,0,0,1,0,0
3NAasXSj7PKt3it8dluxcT,0,0,0,0,0,0,0,0,0,0,0,0,0,0,1,0,0
3VJ6jhaDeT3haiYmD6LxuT,0,0,0,0,0,0,0,0,0,0,0,0,0,0,1,0,0
0fhxIOyAoCQIqxFKjZKLqs,0,0,0,0,0,0,0,0,0,0,0,0,0,0,1,0,0
1kkjK0Oli5hFEtoGnWeEcP,0,0,0,0,0,0,0,0,0,0,0,0,0,0,1,0,0
2lpApUodMauXt8yzMeQtOB,0,0,0,0,0,0,0,0,0,0,0,0,0,0,1,0,0
5yWdOZ1BHRTfr5EAsTsHQ5,0,0,0,0,0,0,0,0,0,0,0,0,0,0,1,0,0
0seE0lnA08BAErGq58PfPE,0,0,0,0,0,0,0,0,0,0,0,0,0,0,1,0,0
28M0wmH2oHJTl5goSFGIl8,0,0,0,0,0,0,0,0,0,0,0,0,0,0,1,0,0
2K6GpFvncNvQBxhbvdns4G,0,0,0,0,0,0,0,0,0,0,0,0,0,0,1,0,0
7E4Kt9Lkn5AV4SiOuoRczh,0,0,0,0,0,0,0,0,0,0,0,0,0,0,1,0,0
53HLHE75vX22JTWitjq1ik,0,0,0,0,0,0,0,0,0,0,0,0,0,0,1,0,0
0suGdYSCx2fihVQereDGx0,0,0,0,0,0,0,0,0,0,0,0,0,0,0,1,0,0
0qiujFNeu6KG4HS42qM7Fz,0,0,0,0,0,0,0,0,0,0,0,0,0,0,1,0,0
3G3vwHEKvRHnFJfn6vUVeX,0,0,0,0,0,0,0,0,0,0,0,0,0,0,1,0,0
4pgwo5wHSrpbNpwFn1x45x,0,0,0,0,0,0,0,0,0,0,0,0,0,0,1,0,0
3SYftKR9X55LohXQgODLIy,0,0,0,0,0,0,0,0,0,0,0,0,0,0,1,0,0
4jNjqp4ByoO17UuQpy08ky,0,0,0,0,0,0,0,0,0,0,0,0,0,0,1,0,0
3aJjvzthLYcUb5CIPR8Z1y,0,0,0,0,0,0,0,0,0,0,0,0,0,0,1,0,0
2CYWlJDHDWIDpezjsiOJeM,0,0,0,0,0,0,0,0,0,0,0,0,0,0,1,0,0
1IqANTbvKLojRoomq685LA,0,0,0,0,0,0,0,0,0,0,0,0,0,0,0,1,0
0QumpjZOPu1d7nMJMBIZ2H,0,0,0,0,0,0,0,0,0,0,0,0,0,0,0,1,0
4FLFm76nwepkcxzqS8PzH4,0,0,0,0,0,0,0,0,0,0,0,0,0,0,0,1,0
4todOcpbt1Kpp4jl5x0r9h,0,0,0,0,0,0,0,0,0,0,0,0,0,0,0,1,0
1NOdN5Qoz4GGsVETMHqsMb,0,0,0,0,0,0,0,0,0,0,0,0,0,0,0,1,0
2V3a0xQdTTJJM2MLwAZppM,0,0,0,0,0,0,0,0,0,0,0,0,0,0,0,1,0
1ElsvWNXbo3jXs4OuakQLn,0,0,0,0,0,0,0,0,0,0,0,0,0,0,0,1,0
4wDuuEI9ecmWVVQVfHfrp3,0,0,0,0,0,0,0,0,0,0,0,0,0,0,0,1,0
35zEswqAFI1D41cmoBXOFK,0,0,0,0,0,0,0,0,0,0,0,0,0,0,0,1,0
4tvejslaZsD6Y0pFCWipwJ,0,0,0,0,0,0,0,0,0,0,0,0,0,0,0,1,0
6JoKanfZ8IGLCj1jluscGD,0,0,0,0,0,0,0,0,0,0,0,0,0,0,0,1,0
0SlmWUiAHCOOUws7KieJBH,0,0,0,0,0,0,0,0,0,0,0,0,0,0,0,1,0
2HStGirSZokbjdi1xU1QCW,0,0,0,0,0,0,0,0,0,0,0,0,0,0,0,1,0
7cQjdDB3ihCB7awAOZcfuE,0,0,0,0,0,0,0,0,0,0,0,0,0,0,0,1,0
56UNoQz1kXeBZeqmQbFpYe,0,0,0,0,0,0,0,0,0,0,0,0,0,0,0,1,0
6PxGPmMnKXwcXqmvfwVruo,0,0,0,0,0,0,0,0,0,0,0,0,0,0,0,1,0
5EI0N84j0ReqnQmDfalEmf,0,0,0,0,0,0,0,0,0,0,0,0,0,0,0,1,0
0tWdRXWDUd1gWLthXgk6Dp,0,0,0,0,0,0,0,0,0,0,0,0,0,0,0,1,0
39gEBCOlL2IdbgLfdly2Ri,0,0,0,0,0,0,0,0,0,0,0,0,0,0,0,1,0
6HfooVSTxGJAMSl2KMrmCV,0,0,0,0,0,0,0,0,0,0,0,0,0,0,0,1,0
7oysiJ2yYjVYzrGSmIEzME,0,0,0,0,0,0,0,0,0,0,0,0,0,0,0,1,0
4P5Rntc1SI0IGeqlrWJQCq,0,0,0,0,0,0,0,0,0,0,0,0,0,0,0,1,0
4UYrVcOhdVQ2L0ZwYliXNH,0,0,0,0,0,0,0,0,0,0,0,0,0,0,0,1,0
0CwT8gwrEjPUi6wVKvjXDg,0,0,0,0,0,0,0,0,0,0,0,0,0,0,0,1,0
4OJdWmVen5MjKJDKCmKuXu,0,0,0,0,0,0,0,0,0,0,0,0,0,0,0,1,0
0crvolcKNxcfLMBFt8I9Hx,0,0,0,0,0,0,0,0,0,0,0,0,0,0,0,1,0
4NTx5zAEsw8ghHqynpTIkP,0,0,0,0,0,0,0,0,0,0,0,0,0,0,0,1,0
2P3UUkbX6dR9DFNLFnuP8a,0,0,0,0,0,0,0,0,0,0,0,0,0,0,0,1,0
1X3T1YVWuYjjzXL5LkfwcE,0,0,0,0,0,0,0,0,0,0,0,0,0,0,0,1,0
4qIq2fAH1oVA7wGLicfYa6,0,0,0,0,0,0,0,0,0,0,0,0,0,0,0,1,0
4sz1Eo19ayaSpMhnb865Fb,0,0,0,0,0,0,0,0,0,0,0,0,0,0,0,1,0
4nyZjJ9eCaEODIljcQn8gQ,0,0,0,0,0,0,0,0,0,0,0,0,0,0,0,1,0
3nIWuSwR8iIyew22d6mICJ,0,0,0,0,0,0,0,0,0,0,0,0,0,0,0,1,0
2OiFLUUvtJg03Zh2xr7HOU,0,0,0,0,0,0,0,0,0,0,0,0,0,0,0,1,0
0JrdX6qQr4r6L3xHsuhuKH,0,0,0,0,0,0,0,0,0,0,0,0,0,0,0,1,0
5NBEj4QYJMFUS4KvQHHiQX,0,0,0,0,0,0,0,0,0,0,0,0,0,0,0,1,0
0eSCD3P7W0RXT2iFLHc9tF,0,0,0,0,0,0,0,0,0,0,0,0,0,0,0,1,0
6WhWEu5LqhSjG37ZSk4gAe,0,0,0,0,0,0,0,0,0,0,0,0,0,0,0,1,0
2Ww9eYzShPGiRlqz9eTpnm,0,0,0,0,0,0,0,0,0,0,0,0,0,0,0,1,0
4EIpZa006lpsgI2qQirOuh,0,0,0,0,0,0,0,0,0,0,0,0,0,0,0,1,0
4KVqDHIZYuAk7CObeTlYSU,0,0,0,0,0,0,0,0,0,0,0,0,0,0,0,1,0
2dY08QVrLsc3i8urG6VuPF,0,0,0,0,0,0,0,0,0,0,0,0,0,0,0,1,0
4hx833jkJj9dAySymnKfiv,0,0,0,0,0,0,0,0,0,0,0,0,0,0,0,1,0
0Wx8C0yiq0Djk9EiPktvXv,0,0,0,0,0,0,0,0,0,0,0,0,0,0,0,1,0
5XjdzHfo3nUsqu91rPYZ5p,0,0,0,0,0,0,0,0,0,0,0,0,0,0,0,1,0
7jUhvpXow0mD27v77F6vC2,0,0,0,0,0,0,0,0,0,0,0,0,0,0,0,1,0
1DQTqy12WHN9drwf0X8YK8,0,0,0,0,0,0,0,0,0,0,0,0,0,0,0,1,0
0XxEGnorjrr1yuYFhNc6pg,0,0,0,0,0,0,0,0,0,0,0,0,0,0,0,1,0
4B5svMhrwXaCPl242LnYXN,0,0,0,0,0,0,0,0,0,0,0,0,0,0,0,1,0
01GLLCecGsPfuPmFHDqMCu,0,0,0,0,0,0,0,0,0,0,0,0,0,0,0,1,0
5NqKNGegPd7IBAZORoK0sb,0,0,0,0,0,0,0,0,0,0,0,0,0,0,0,1,0
37pf8jSeCGlzgQPIfVHO6X,0,0,0,0,0,0,0,0,0,0,0,0,0,0,0,0,1
5N0lcnJTtKj4wNDvurHige,0,0,0,0,0,0,0,0,0,0,0,0,0,0,0,0,1
30FURVTCpbKyykjSEQzGkH,0,0,0,0,0,0,0,0,0,0,0,0,0,0,0,0,1
7fYNunIzTO7yAHBQtvq8Fc,0,0,0,0,0,0,0,0,0,0,0,0,0,0,0,0,1
2aksifNn5ph8igDOkPBA02,0,0,0,0,0,0,0,0,0,0,0,0,0,0,0,0,1
2H8LPaY3NSjmOFMH2Rygnz,0,0,0,0,0,0,0,0,0,0,0,0,0,0,0,0,1
3avYqdwHKEq8beXbeWCKqJ,0,0,0,0,0,0,0,0,0,0,0,0,0,0,0,0,1
2mpsKeLCbdXkwEpZRNi4XD,0,0,0,0,0,0,0,0,0,0,0,0,0,0,0,0,1
5fnA9mkIfScSqHIpeDyvck,0,0,0,0,0,0,0,0,0,0,0,0,0,0,0,0,1
1TogTbSn3xkbapb6OUxRvq,0,0,0,0,0,0,0,0,0,0,0,0,0,0,0,0,1
0xfpx7AiwgSKEtjotea2L6,0,0,0,0,0,0,0,0,0,0,0,0,0,0,0,0,1
4vp2J1l5RD4gMZwGFLfRAu,0,0,0,0,0,0,0,0,0,0,0,0,0,0,0,0,1
7k4t7uLgtOxPwTpFmtJNTY,0,0,0,0,0,0,0,0,0,0,0,0,0,0,0,0,1
6YdQgWSpsxhVeX6Xmv3IFJ,0,0,0,0,0,0,0,0,0,0,0,0,0,0,0,0,1
214nt20w5wOxJnY462klLw,0,0,0,0,0,0,0,0,0,0,0,0,0,0,0,0,1
7A9rdAz2M6AjRwOa34jxIP,0,0,0,0,0,0,0,0,0,0,0,0,0,0,0,0,1
1rBCRenU7dfot8elMagRpO,0,0,0,0,0,0,0,0,0,0,0,0,0,0,0,0,1
722CyeKpgreqBAypTv5U3T,0,0,0,0,0,0,0,0,0,0,0,0,0,0,0,0,1
7D0VClhoNONSsdPYWwcTej,0,0,0,0,0,0,0,0,0,0,0,0,0,0,0,0,1
4aX3n1Pn6jiCbvqBL8eqyP,0,0,0,0,0,0,0,0,0,0,0,0,0,0,0,0,1
4pbG9SUmWIvsROVLF0zF9s,0,0,0,0,0,0,0,0,0,0,0,0,0,0,0,0,1
38Vb1J5W5LOs0i7SAF76pa,0,0,0,0,0,0,0,0,0,0,0,0,0,0,0,0,1
389QX9Q1eUOEZ19vtzzI9O,0,0,0,0,0,0,0,0,0,0,0,0,0,0,0,0,1
4MLBqAEzNN89o2M9h92Z26,0,0,0,0,0,0,0,0,0,0,0,0,0,0,0,0,1
4XiDAxr6alWzxm24i2Rt4K,0,0,0,0,0,0,0,0,0,0,0,0,0,0,0,0,1
25yQPHgC35WNnnOUqFhgVR,0,0,0,0,0,0,0,0,0,0,0,0,0,0,0,0,1
2zYzyRzz6pRmhPzyfMEC8s,0,0,0,0,0,0,0,0,0,0,0,0,0,0,0,0,1
4wYq5wugZDzQiMZQYG4wVB,0,0,0,0,0,0,0,0,0,0,0,0,0,0,0,0,1
5aoTIWdzgcjGo3SdjxqWSf,0,0,0,0,0,0,0,0,0,0,0,0,0,0,0,0,1
5XeMsYb1rWxQL1bUUaZajn,0,0,0,0,0,0,0,0,0,0,0,0,0,0,0,0,1
2j0zExWFB0PowLOeoZosjK,0,0,0,0,0,0,0,0,0,0,0,0,0,0,0,0,1
4XyONPP3WOcquMO5WVj4mw,0,0,0,0,0,0,0,0,0,0,0,0,0,0,0,0,1
5DnT9a5IM3eMjKgXTWVJvi,0,0,0,0,0,0,0,0,0,0,0,0,0,0,0,0,1
5sVf9kN90ScddiT3SdT9Qh,0,0,0,0,0,0,0,0,0,0,0,0,0,0,0,0,1
6b2oQwSGFkzsMtQruIWm2p,0,0,0,0,0,0,0,0,0,0,0,0,0,0,0,0,1
3YRCqOhFifThpSRFJ1VWFM,0,0,0,0,0,0,0,0,0,0,0,0,0,0,0,0,1
5HNCy40Ni5BZJFw1TKzRsC,0,0,0,0,0,0,0,0,0,0,0,0,0,0,0,0,1
0jWgAnTrNZmOGmqgvHhZEm,0,0,0,0,0,0,0,0,0,0,0,0,0,0,0,0,1
57bgtoPSgt236HzfBOd8kj,0,0,0,0,0,0,0,0,0,0,0,0,0,0,0,0,1
08mG3Y1vljYA6bvDt4Wqkj,0,0,0,0,0,0,0,0,0,0,0,0,0,0,0,0,1
0SYRVn2YF7HBscQEmlkpTI,0,0,0,0,0,0,0,0,0,0,0,0,0,0,0,0,1
74irxdVWstNlEQjsvArITq,0,0,0,0,0,0,0,0,0,0,0,0,0,0,0,0,1
2N2yrmodOnVF10mKvItC9P,0,0,0,0,0,0,0,0,0,0,0,0,0,0,0,0,1
54X78diSLoUDI3joC2bjMz,0,0,0,0,0,0,0,0,0,0,0,0,0,0,0,0,1
4JiEyzf0Md7KEFFGWDDdCr,0,0,0,0,0,0,0,0,0,0,0,0,0,0,0,0,1
6mFkJmJqdDVQ1REhVfGgd1,0,0,0,0,0,0,0,0,0,0,0,0,0,0,0,0,1
40riOy7x9W7GXjyGp4pjAv,0,0,0,0,0,0,0,0,0,0,0,0,0,0,0,0,1
7e89621JPkKaeDSTQ3avtg,0,0,0,0,0,0,0,0,0,0,0,0,0,0,0,0,1
0rFWuqFgHAfuzE8uSB9TWR,0,0,0,0,0,0,0,0,0,0,0,0,0,0,0,0,1
2b9lp5A6CqSzwOrBfAFhof,0,0,0,0,0,0,0,0,0,0,0,0,0,0,0,0,1
1JLn8RhQzHz3qDqsChcmBl,0,0,0,0,0,0,0,0,0,0,0,0,0,0,0,0,1
2rVeiO8AI1ZDSv4wjS46OX,0,0,0,0,0,0,0,0,0,0,0,0,0,0,0,0,1
70YvYr2hGlS01bKRIho1HM,0,0,0,0,0,0,0,0,0,0,0,0,0,0,0,0,1
2374M0fQpWi3dLnB54qaLX,0,0,0,0,0,0,0,0,0,0,0,0,0,0,0,0,1
5rfJ2Bq2PEL8yBjZLzouEu,0,0,0,0,0,0,0,0,0,0,0,0,0,0,0,0,1
1ArdfXwdvwzapms9p1wxEb,0,0,0,0,0,0,0,0,0,0,0,0,0,0,0,0,1
3iA4foXIFpekwHyma7pRs1,0,0,0,0,0,0,0,0,0,0,0,0,0,0,0,0,1
4eECmNsF67SUnWGD9jFO3C,0,0,0,0,0,0,0,0,0,0,0,0,0,0,0,0,1
6gpai6xL08vD5mQ4fXTwxL,0,0,0,0,0,0,0,0,0,0,0,0,0,0,0,0,1
4ZzJh7enW6rsjlJi6bBZ3i,0,0,0,0,0,0,0,0,0,0,0,0,0,0,0,0,1
5fMwvrqujbQjUxcNPcYrUF,0,0,0,0,0,0,0,0,0,0,0,0,0,0,0,0,1
2tIPpUXsnbnHcQtkV4n2md,0,0,0,0,0,0,0,0,0,0,0,0,0,0,0,0,1
7oJrVhiTPZGBXWPwhxjy9S,0,0,0,0,0,0,0,0,0,0,0,0,0,0,0,0,1
2xLMifQCjDGFmkHkpNLD9h,0,0,0,0,0,0,0,0,0,0,0,0,0,0,0,0,1
4vaxvNDaLSoD36iZX515ug,0,0,0,0,0,0,0,0,0,0,0,0,0,0,0,0,1
5yY9lUy8nbvjM1Uyo1Uqoc,0,0,0,0,0,0,0,0,0,0,0,0,0,0,0,0,1
2eAZfqOm4EnOF9VvN50Tyc,0,0,0,0,0,0,0,0,0,0,0,0,0,0,0,0,1
0TlLq3lA83rQOYtrqBqSct,0,0,0,0,0,0,0,0,0,0,0,0,0,0,0,0,1
40yJGQyEaBbIkXpwMFkXip,0,0,0,0,0,0,0,0,0,0,0,0,0,0,0,0,1
0JP9xo3adEtGSdUEISiszL,0,0,0,0,0,0,0,0,0,0,0,0,0,0,0,0,1
4qKcDkK6siZ7Jp1Jb4m0aL,0,0,0,0,0,0,0,0,0,0,0,0,0,0,0,0,1
44ShclXTOOnYtt5CnCDeGV,0,0,0,0,0,0,0,0,0,0,0,0,0,0,0,0,1
6kls8cSlUyHW2BUOkDJIZE,0,0,0,0,0,0,0,0,0,0,0,0,0,0,0,0,1
5wujBwqG7INdStqGd4tRMX,0,0,0,0,0,0,0,0,0,0,0,0,0,0,0,0,1
4uhvMW7ly7tJil31YYscAN,0,0,0,0,0,0,0,0,0,0,0,0,0,0,0,0,1
6rC06yWehxOD8mN7fxGNMb,0,0,0,0,0,0,0,0,0,0,0,0,0,0,0,0,1
1JGaV39uhSQd2eAteOxFlF,0,0,0,0,0,0,0,0,0,0,0,0,0,0,0,0,1
1Mx9IaZfKyiwjqILDdBrCB,0,0,0,0,0,0,0,0,0,0,0,0,0,0,0,0,1
5EIIvtMRH9qyf5wIyEfT8l,0,0,0,0,0,0,0,0,0,0,0,0,0,0,0,0,1
2u7mxWSeoqTXndK5e08jMp,0,0,0,0,0,0,0,0,0,0,0,0,0,0,0,0,1
7HFl64GKBtPTa5YoW7j4jL,0,0,0,0,0,0,0,0,0,0,0,0,0,0,0,0,1
0ZDcLapel9chZ15ZNuOdD4,0,0,0,0,0,0,0,0,0,0,0,0,0,0,0,0,1
13XHuE00ElL5thSxkaEXxK,0,0,0,0,0,0,0,0,0,0,0,0,0,0,0,0,1
42YNobZ4HN3tRVEA47wLT6,0,0,0,0,0,0,0,0,0,0,0,0,0,0,0,0,1
561jH07mF1jHuk7KlaeF0s,0,0,0,0,0,0,0,0,0,0,0,0,0,0,0,0,1
6CN3e26iQSj1N5lomh0mfO,0,0,0,0,0,0,0,0,0,0,0,0,0,0,0,0,1
1HNs07uZxZniPNmniw2GTa,0,0,0,0,0,0,0,0,0,0,0,0,0,0,0,0,1
6BdgtqiV3oXNqBikezwdvC,0,0,0,0,0,0,0,0,0,0,0,0,0,0,0,0,1
343YBumqHu19cGoGARUTsd,0,0,0,0,0,0,0,0,0,0,0,0,0,0,0,0,1
3qN5qMTKyEEmiTZD38BNTT,0,0,0,0,0,0,0,0,0,0,0,0,0,0,0,0,1
62vpWI1CHwFy7tMIcSStl8,0,0,0,0,0,0,0,0,0,0,0,0,0,0,0,0,1
5hTpBe8h35rJ67eAWHQsJx,0,0,0,0,0,0,0,0,0,0,0,0,0,0,0,0,1
32xx0fAv3CIeGmNaWTHvEF,0,0,0,0,0,0,0,0,0,0,0,0,0,0,0,0,1
4HW5kSQ8M2IQWZhSxERvla,0,0,0,0,0,0,0,0,0,0,0,0,0,0,0,0,1
3djNBlI7xOggg7pnsOLaNm,0,0,0,0,0,0,0,0,0,0,0,0,0,0,0,0,1
0nbXyq5TXYPCO7pr3N8S4I,0,0,0,0,0,0,0,0,0,0,0,0,0,0,0,0,1
14mHfNsSHN0FbLftyjrV9g,0,0,0,0,0,0,0,0,0,0,0,0,0,0,0,0,1
0OgGn1ofaj55l2PcihQQGV,0,0,0,0,0,0,0,0,0,0,0,0,0,0,0,0,1
6wJYhPfqk3KGhHRG76WzOh,0,0,0,0,0,0,0,0,0,0,0,0,0,0,0,0,1
2W4yABdLc4Jnds67Poi5Nl,0,0,0,0,0,0,0,0,0,0,0,0,0,0,0,0,1