song,bassmusic,breakbeat,disco,downtempo,dnb,erock,jungle,hardcore,hardstyle,hauntology,hip hop fusion,trap,house,industrial,techno,trance,uk garage
S.H.A.M.E - Gost,1,0,0,0,0,0,0,0,0,0,0,0,0,0,0,0,0
Shambles - Hold U Close,1,0,0,0,0,0,0,0,0,0,0,0,0,0,0,0,0
2Scratch feat TAOG - Ballin ,1,0,0,0,0,0,0,0,0,0,0,0,0,0,0,0,0
NOIXES Gidexen & M.I.M.E - Louis,1,0,0,0,0,0,0,0,0,0,0,0,0,0,0,0,0
Sweepz - Battle,1,0,0,0,0,0,0,0,0,0,0,0,0,0,0,0,0
M.I.M.E mylky & Taw - Renegades (W.A.V & Nin9 Remix),1,0,0,0,0,0,0,0,0,0,0,0,0,0,0,0,0
Julius Dreisig - In My Head ,1,0,0,0,0,0,0,0,0,0,0,0,0,0,0,0,0
Turkum - Hurts ,1,0,0,0,0,0,0,0,0,0,0,0,0,0,0,0,0
SDMS - Bad Trouble ,1,0,0,0,0,0,0,0,0,0,0,0,0,0,0,0,0
Onur Ormen - Sahara ,1,0,0,0,0,0,0,0,0,0,0,0,0,0,0,0,0
CryJaxx - Ponder ,1,0,0,0,0,0,0,0,0,0,0,0,0,0,0,0,0
E.P.O - Gunshots ,1,0,0,0,0,0,0,0,0,0,0,0,0,0,0,0,0
Trias M.I.M.E & Calli Boom - Flexin ,1,0,0,0,0,0,0,0,0,0,0,0,0,0,0,0,0
Kate Ryan - Ella Elle L'a (BreakBeat Remix),0,1,0,0,0,0,0,0,0,0,0,0,0,0,0,0,0
Colombo - Gods,0,1,0,0,0,0,0,0,0,0,0,0,0,0,0,0,0
Detach - I'm Not (The Colombo Remix),0,1,0,0,0,0,0,0,0,0,0,0,0,0,0,0,0
Funk U - Feel da Beat,0,1,0,0,0,0,0,0,0,0,0,0,0,0,0,0,0
Too Dusty - Funk & Destroy (Stonewash Remix),0,1,0,0,0,0,0,0,0,0,0,0,0,0,0,0,0
Deekline & Ed Solo - Countdown (Lunathics remix),0,1,0,0,0,0,0,0,0,0,0,0,0,0,0,0,0
Colombo - Clap ya Hands!,0,1,0,0,0,0,0,0,0,0,0,0,0,0,0,0,0
Fletric - Plasma Funk (BreakZhead Remix),0,1,0,0,0,0,0,0,0,0,0,0,0,0,0,0,0
Genesis - I Can't Dance (Illegal Content Remix),0,1,0,0,0,0,0,0,0,0,0,0,0,0,0,0,0
Defkline & Red Polo - Too Close (Breaks Mix),0,1,0,0,0,0,0,0,0,0,0,0,0,0,0,0,0
It's Tricky - Run-DMC (Breakbeat mix?),0,1,0,0,0,0,0,0,0,0,0,0,0,0,0,0,0
Freestylers - Boomblast (Deekline & Wizard Remix),0,1,0,0,0,0,0,0,0,0,0,0,0,0,0,0,0
Freestylers - Warrior Charge (Breakfastaz Remix),0,1,0,0,0,0,0,0,0,0,0,0,0,0,0,0,0
Prodigy - Outta Space (Dj Deekline Bootleg Remix),0,1,0,0,0,0,0,0,0,0,0,0,0,0,0,0,0
Cut & Run - King of the Bongo (Breaks Mix),0,1,0,0,0,0,0,0,0,0,0,0,0,0,0,0,0
SVD KID - NEXT LEVEL (ORIGINAL MIX) ,0,1,0,0,0,0,0,0,0,0,0,0,0,0,0,0,0
ELITE FORCE VS THE GOSSIP - CONTROL THE ENGINE,0,1,0,0,0,0,0,0,0,0,0,0,0,0,0,0,0
DJ DEFKLINE & RED POLO - FELIX HUSTLE  (BREAKS MIX) ,0,1,0,0,0,0,0,0,0,0,0,0,0,0,0,0,0
CUT & RUN - REGGAETON ,0,1,0,0,0,0,0,0,0,0,0,0,0,0,0,0,0
BREAKING NEWS - RUSH HOUR  (BREAKZHEAD TEAR-OUT REMIX) ,0,1,0,0,0,0,0,0,0,0,0,0,0,0,0,0,0
CTRL-Z SPACE - DEMENTIA ,0,1,0,0,0,0,0,0,0,0,0,0,0,0,0,0,0
Metro - HOLD YOUR WIG ,0,1,0,0,0,0,0,0,0,0,0,0,0,0,0,0,0
THE BASS DROPPERS - NO DISCO  (ONDAMIKE REMIX) ,0,1,0,0,0,0,0,0,0,0,0,0,0,0,0,0,0
HEADVOICE - TAKE IT ALL AWAY  ,0,1,0,0,0,0,0,0,0,0,0,0,0,0,0,0,0
INSPIRED - REPEAT (SHADE K & LADY SHADE REMIX)  ,0,1,0,0,0,0,0,0,0,0,0,0,0,0,0,0,0
BLAKJAK VS USBS - JOYSTICK (OMEGA REMIX) ,0,1,0,0,0,0,0,0,0,0,0,0,0,0,0,0,0
DJ30A & HUDA HUDIA - CLUB WALK  ,0,1,0,0,0,0,0,0,0,0,0,0,0,0,0,0,0
PAVANE - TEMPLE BREAKS  ,0,1,0,0,0,0,0,0,0,0,0,0,0,0,0,0,0
PAKET - EXPERIMENTS  ,0,1,0,0,0,0,0,0,0,0,0,0,0,0,0,0,0
VENJENT - BAM  ,0,1,0,0,0,0,0,0,0,0,0,0,0,0,0,0,0
TVU - LURKING ,0,1,0,0,0,0,0,0,0,0,0,0,0,0,0,0,0
R2M & DJ SELF - FUNKY & HOT (DALLAS TX 2002 REMIX)  ,0,1,0,0,0,0,0,0,0,0,0,0,0,0,0,0,0
SHADE K - PHANTOM  ,0,1,0,0,0,0,0,0,0,0,0,0,0,0,0,0,0
Gosize - Dark Age (Original Mix) ,0,1,0,0,0,0,0,0,0,0,0,0,0,0,0,0,0
DJ Jimmy - To Be With You (Original Mix) ,0,1,0,0,0,0,0,0,0,0,0,0,0,0,0,0,0
Infiniti (Scott Christina) - You Used To Hold Me (Original Mix) ,0,1,0,0,0,0,0,0,0,0,0,0,0,0,0,0,0
Disperto Certain - IOTA  ,0,1,0,0,0,0,0,0,0,0,0,0,0,0,0,0,0
Skin Teeth - Two Sisters (Original Mix),0,1,0,0,0,0,0,0,0,0,0,0,0,0,0,0,0
E.R.N.E.S.T.O - Caracas (Original Mix) ,0,1,0,0,0,0,0,0,0,0,0,0,0,0,0,0,0
SevenG - I Cant Free (Original Mix)  ,0,1,0,0,0,0,0,0,0,0,0,0,0,0,0,0,0
Algorithmic Funk - Shiva (Original Mix) ,0,1,0,0,0,0,0,0,0,0,0,0,0,0,0,0,0
Firestar Soundsystem - Falling Down (Original Mix) ,0,1,0,0,0,0,0,0,0,0,0,0,0,0,0,0,0
Under Break - Closing Sound (Original Mix),0,1,0,0,0,0,0,0,0,0,0,0,0,0,0,0,0
The Darrow Chem Syndicate - Imminent The Bomb (Kid Panel Remix)  ,0,1,0,0,0,0,0,0,0,0,0,0,0,0,0,0,0
La Rissa & Infiniti (Scott Christina) - I Do Both Jay And Jane (Original Mix) ,0,1,0,0,0,0,0,0,0,0,0,0,0,0,0,0,0
Deekline & Ed Solo - Bwoy(Jugle Original Mix)  ,0,1,0,0,0,0,0,0,0,0,0,0,0,0,0,0,0
JJMillon - No More Chances (Original Mix),0,1,0,0,0,0,0,0,0,0,0,0,0,0,0,0,0
You Should Be Dancing (AIMES Edit) - Bee Gees ,0,0,1,0,0,0,0,0,0,0,0,0,0,0,0,0,0
Last Train To London (Mikeandtess Edit 4 Mix) - Electric Light Orchestra ,0,0,1,0,0,0,0,0,0,0,0,0,0,0,0,0,0
On The Beat (Laurent Wild & The Discoh Family Edit) - B.B. & Q. Band,0,0,1,0,0,0,0,0,0,0,0,0,0,0,0,0,0
Le Freak (Pete Le Freq Freakin Rework) (CMS Master) - Chic,0,0,1,0,0,0,0,0,0,0,0,0,0,0,0,0,0
Don't Stop 'till You Get Enough (DJ Meme Definitive Remix) - Michael Jackson,0,0,1,0,0,0,0,0,0,0,0,0,0,0,0,0,0
The Billy Of Queens (Original Mix) - Ladies On Mars [Caribbean Queen - Billy Ocean] ,0,0,1,0,0,0,0,0,0,0,0,0,0,0,0,0,0
And The Beat Goes On (Purple Disco Machine Edit) - The Whispers,0,0,1,0,0,0,0,0,0,0,0,0,0,0,0,0,0
Do You Think I'm Sexy? (Barry&Gibbs Edit) - Rod Stewart ,0,0,1,0,0,0,0,0,0,0,0,0,0,0,0,0,0
Another One Bites The Dust (Disco Innovations Re-Edit) - Queen,0,0,1,0,0,0,0,0,0,0,0,0,0,0,0,0,0
Feeling Good (Original Mix) - Brokenears ,0,0,1,0,0,0,0,0,0,0,0,0,0,0,0,0,0
Boogie Wonderland (LNTG Muscle Mix) - Late Nite Tuff Guy [Boogie Wonderland - Earth, Wind & Fire] ,0,0,1,0,0,0,0,0,0,0,0,0,0,0,0,0,0
Sea Sex And Sun (David Kust Beach Remix) - Serge Gainsbourg,0,0,1,0,0,0,0,0,0,0,0,0,0,0,0,0,0
Disco Inferno (Barry&Gibbs Club Edit) - The Trammps,0,0,1,0,0,0,0,0,0,0,0,0,0,0,0,0,0
Gimme Gimme (Feat. Start The Party) (12" Disco Mix) - Lee Cabrera,0,0,1,0,0,0,0,0,0,0,0,0,0,0,0,0,0
Netsky & Stargate - Nobody (Lexurus Bootleg),0,0,0,0,1,0,0,0,0,0,0,0,0,0,0,0,0
High Maintenance - Breathe In feat. Ayah Marar,0,0,0,0,1,0,0,0,0,0,0,0,0,0,0,0,0
Raise Spirit - The Temple,0,0,0,0,1,0,0,0,0,0,0,0,0,0,0,0,0
T & Sugah x NCT - Say To Me,0,0,0,0,1,0,0,0,0,0,0,0,0,0,0,0,0
Dawn Wall - Blinded,0,0,0,0,1,0,0,0,0,0,0,0,0,0,0,0,0
Bop & Subwave - City Lights,0,0,0,0,1,0,0,0,0,0,0,0,0,0,0,0,0
Dossa & Locuzzed - Slap!,0,0,0,0,1,0,0,0,0,0,0,0,0,0,0,0,0
Polar Youth feat. Georgie Allen - All Night (Metrik Remix),0,0,0,0,1,0,0,0,0,0,0,0,0,0,0,0,0
Feint - Defiant (feat. Laura Brehm),0,0,0,0,1,0,0,0,0,0,0,0,0,0,0,0,0
Itro - Promises,0,0,0,0,1,0,0,0,0,0,0,0,0,0,0,0,0
Urbandawn - Sleeping Awake,0,0,0,0,1,0,0,0,0,0,0,0,0,0,0,0,0
Djah - Dialogue,0,0,0,0,1,0,0,0,0,0,0,0,0,0,0,0,0
Crissy Criss - Need You Now,0,0,0,0,1,0,0,0,0,0,0,0,0,0,0,0,0
Maduk & Dennis Pedersen - Miles Apart (Instrumental),0,0,0,0,1,0,0,0,0,0,0,0,0,0,0,0,0
Dawn Wall - Rain God,0,0,0,0,1,0,0,0,0,0,0,0,0,0,0,0,0
Logistics - Signs feat. Changing Faces,0,0,0,0,1,0,0,0,0,0,0,0,0,0,0,0,0
Macca & Loz Contreras - Woman Like This,0,0,0,0,1,0,0,0,0,0,0,0,0,0,0,0,0
Andromedik - Forever,0,0,0,0,1,0,0,0,0,0,0,0,0,0,0,0,0
Andromedik - Colours,0,0,0,0,1,0,0,0,0,0,0,0,0,0,0,0,0
Showdown - Freedom (feat. IMAN),0,0,0,0,1,0,0,0,0,0,0,0,0,0,0,0,0
Logistics - Piston Blues,0,0,0,0,1,0,0,0,0,0,0,0,0,0,0,0,0
Commix - Only,0,0,0,0,1,0,0,0,0,0,0,0,0,0,0,0,0
Bert H & Edlan - Intercept,0,0,0,0,1,0,0,0,0,0,0,0,0,0,0,0,0
InsideInfo & Hybrid Minds - Split In 2 (feat. Laville),0,0,0,0,1,0,0,0,0,0,0,0,0,0,0,0,0
Voicians - Remember,0,0,0,0,1,0,0,0,0,0,0,0,0,0,0,0,0
Sub Focus & Dimension - Desire,0,0,0,0,1,0,0,0,0,0,0,0,0,0,0,0,0
Champion - Breathe (feat. Veela),0,0,0,0,1,0,0,0,0,0,0,0,0,0,0,0,0
Nexus & Tight - All I Need,0,0,0,0,1,0,0,0,0,0,0,0,0,0,0,0,0
Clark Cables - Don't Just Stare (Flite Remix),0,0,0,0,1,0,0,0,0,0,0,0,0,0,0,0,0
Flite & Boxplot - Sunroad (feat. Audioscribe),0,0,0,0,1,0,0,0,0,0,0,0,0,0,0,0,0
Break - Last Goodbye (feat. Celestine),0,0,0,0,1,0,0,0,0,0,0,0,0,0,0,0,0
Lexurus - Out Of Love (feat. Leah Rye),0,0,0,0,1,0,0,0,0,0,0,0,0,0,0,0,0
Cyantific - Fade Into The Night,0,0,0,0,1,0,0,0,0,0,0,0,0,0,0,0,0
Hillsdom - Colours (feat. Novokan3),0,0,0,0,1,0,0,0,0,0,0,0,0,0,0,0,0
Logistics - Been Dreaming (feat. In:Most & Lyra),0,0,0,0,1,0,0,0,0,0,0,0,0,0,0,0,0
Pola & Bryson - Alkaline,0,0,0,0,1,0,0,0,0,0,0,0,0,0,0,0,0
Bert H & HumaNature - Blackhouse,0,0,0,0,1,0,0,0,0,0,0,0,0,0,0,0,0
Logistics - Let The Senses Clear Your Mind,0,0,0,0,1,0,0,0,0,0,0,0,0,0,0,0,0
Danny Byrd & Maduk - Better Life (feat. I-Kay),0,0,0,0,1,0,0,0,0,0,0,0,0,0,0,0,0
T & Sugah - Back In Time (feat. Luna Morgenstern),0,0,0,0,1,0,0,0,0,0,0,0,0,0,0,0,0
LQ - Show Me,0,0,0,0,1,0,0,0,0,0,0,0,0,0,0,0,0
Brookes Brothers - So Many Times (Blaine Stranger Remix),0,0,0,0,1,0,0,0,0,0,0,0,0,0,0,0,0
High Contrast - If We Ever (Unglued Remix),0,0,0,0,1,0,0,0,0,0,0,0,0,0,0,0,0
Ownglow - LA,0,0,0,0,1,0,0,0,0,0,0,0,0,0,0,0,0
Air.K & Cephei - Way Back,0,0,0,0,1,0,0,0,0,0,0,0,0,0,0,0,0
Dawn Wall - Devil's Night,0,0,0,0,1,0,0,0,0,0,0,0,0,0,0,0,0
Rameses B - Twilight Zone (feat. Laura Brehm),0,0,0,0,1,0,0,0,0,0,0,0,0,0,0,0,0
Rameses B - Story,0,0,0,0,1,0,0,0,0,0,0,0,0,0,0,0,0
Keeno - Foxes,0,0,0,0,1,0,0,0,0,0,0,0,0,0,0,0,0
Jareth - Kaleidoscope (Hybrid Minds Remix),0,0,0,0,1,0,0,0,0,0,0,0,0,0,0,0,0
Aperio x Kasger - Night Flight,0,0,0,0,1,0,0,0,0,0,0,0,0,0,0,0,0
Break - Mind's Eye,0,0,0,0,1,0,0,0,0,0,0,0,0,0,0,0,0
Low:R - Reorient,0,0,0,0,1,0,0,0,0,0,0,0,0,0,0,0,0
Au/Ra - Panic Room (Culture Shock Remix),0,0,0,0,1,0,0,0,0,0,0,0,0,0,0,0,0
Deflo & Lliam Taylor - Reflections,0,0,0,0,1,0,0,0,0,0,0,0,0,0,0,0,0
T & Sugah - Time (feat. Bensley & C.),0,0,0,0,1,0,0,0,0,0,0,0,0,0,0,0,0
High Maintenance - Know The Way,0,0,0,0,1,0,0,0,0,0,0,0,0,0,0,0,0
Krakota - Callback,0,0,0,0,1,0,0,0,0,0,0,0,0,0,0,0,0
Blaine Stranger - Body & Mind,0,0,0,0,1,0,0,0,0,0,0,0,0,0,0,0,0
Ownglow - Wonder,0,0,0,0,1,0,0,0,0,0,0,0,0,0,0,0,0
Krakota - See For Miles,0,0,0,0,1,0,0,0,0,0,0,0,0,0,0,0,0
Cyantific - Bloodline (feat. Raphaella),0,0,0,0,1,0,0,0,0,0,0,0,0,0,0,0,0
Fox Stevenson - Bruises,0,0,0,0,1,0,0,0,0,0,0,0,0,0,0,0,0
Brookes Brothers - New Wave,0,0,0,0,1,0,0,0,0,0,0,0,0,0,0,0,0
Friction & JP Cooper - Dancing (Dawn Wall Remix),0,0,0,0,1,0,0,0,0,0,0,0,0,0,0,0,0
Volatile Cycle & Philth - Nowhere,0,0,0,0,1,0,0,0,0,0,0,0,0,0,0,0,0
Break - Take Me Away,0,0,0,0,1,0,0,0,0,0,0,0,0,0,0,0,0
Andromedik - Don't Say,0,0,0,0,1,0,0,0,0,0,0,0,0,0,0,0,0
Sekai - Rain (feat. Aleana Redd),0,0,0,0,1,0,0,0,0,0,0,0,0,0,0,0,0
Polygon - Is It You,0,0,0,0,1,0,0,0,0,0,0,0,0,0,0,0,0
Pola & Bryson - Floodgates,0,0,0,0,1,0,0,0,0,0,0,0,0,0,0,0,0
Brookes Brothers - Now I'm Found (Hillsdom Remix),0,0,0,0,1,0,0,0,0,0,0,0,0,0,0,0,0
Matrix & Futurebound feat. Alex Hepburn - Live Another Day (M&F's Smoke & Mirrors Mix),0,0,0,0,1,0,0,0,0,0,0,0,0,0,0,0,0
Feint - Mirror Signal,0,0,0,0,1,0,0,0,0,0,0,0,0,0,0,0,0
NCT - In The Sun Again feat. Laura Brehm,0,0,0,0,1,0,0,0,0,0,0,0,0,0,0,0,0
HumaNature - First Light,0,0,0,0,1,0,0,0,0,0,0,0,0,0,0,0,0
Pola & Bryson - Night Dawns (feat. Lauren Archer),0,0,0,0,1,0,0,0,0,0,0,0,0,0,0,0,0
Djah - Galactic Agreement,0,0,0,0,1,0,0,0,0,0,0,0,0,0,0,0,0
Whiney - Darkest Night,0,0,0,0,1,0,0,0,0,0,0,0,0,0,0,0,0
Flume feat. Vera Blue - Rushing Back (Ekko & Sidetrack Bootleg),0,0,0,0,1,0,0,0,0,0,0,0,0,0,0,0,0
Metrik - Gravity,0,0,0,0,1,0,0,0,0,0,0,0,0,0,0,0,0
Maduk - Colours,0,0,0,0,1,0,0,0,0,0,0,0,0,0,0,0,0
Opposition - Ultralight,0,0,0,0,1,0,0,0,0,0,0,0,0,0,0,0,0
Crissy Criss Breath (feat. Dan Moss),0,0,0,0,1,0,0,0,0,0,0,0,0,0,0,0,0
Technimatic - Breathe In,0,0,0,0,1,0,0,0,0,0,0,0,0,0,0,0,0
Cyantific x T & Sugah - All I Want,0,0,0,0,1,0,0,0,0,0,0,0,0,0,0,0,0
Friction x Kanine - Your Love,0,0,0,0,1,0,0,0,0,0,0,0,0,0,0,0,0
Sub Focus - Solar System,0,0,0,0,1,0,0,0,0,0,0,0,0,0,0,0,0
Oliverse - Unspoken (Muzzy & Oliverse Remix),0,0,0,0,1,0,0,0,0,0,0,0,0,0,0,0,0
Camo & Krooked - Kallisto,0,0,0,0,1,0,0,0,0,0,0,0,0,0,0,0,0
Axwell - Nobody Else (1991 Remix),0,0,0,0,1,0,0,0,0,0,0,0,0,0,0,0,0
Grafix - Radiance,0,0,0,0,1,0,0,0,0,0,0,0,0,0,0,0,0
Monrroe - Never Too Old (feat. Emily Makis),0,0,0,0,1,0,0,0,0,0,0,0,0,0,0,0,0
Nelver - Private Time,0,0,0,0,1,0,0,0,0,0,0,0,0,0,0,0,0
Dawn Wall - Take Control,0,0,0,0,1,0,0,0,0,0,0,0,0,0,0,0,0
Crissy Criss & WiDE AWAKE � Real (Drum & Bass Mix),0,0,0,0,1,0,0,0,0,0,0,0,0,0,0,0,0
Air K & Cephei - Reflections,0,0,0,0,1,0,0,0,0,0,0,0,0,0,0,0,0
Dexcel - Landscape,0,0,0,0,1,0,0,0,0,0,0,0,0,0,0,0,0
Bert H - Aadwark,0,0,0,0,1,0,0,0,0,0,0,0,0,0,0,0,0
Smote - Summertime (Nelver Remix),0,0,0,0,1,0,0,0,0,0,0,0,0,0,0,0,0
Cyantific - Take Me In,0,0,0,0,1,0,0,0,0,0,0,0,0,0,0,0,0
Andromedik - Won't Let Go (feat. Voicians),0,0,0,0,1,0,0,0,0,0,0,0,0,0,0,0,0
Blaine Stranger - Losing Myself,0,0,0,0,1,0,0,0,0,0,0,0,0,0,0,0,0
Fred V - Voyage,0,0,0,0,1,0,0,0,0,0,0,0,0,0,0,0,0
Hybrid Minds - Higher Love (feat. Charlotte Haining),0,0,0,0,1,0,0,0,0,0,0,0,0,0,0,0,0
T & Sugah - Is This Love,0,0,0,0,1,0,0,0,0,0,0,0,0,0,0,0,0
Dossa & Locuzzed - Stella (feat. Pat Fulgoni),0,0,0,0,1,0,0,0,0,0,0,0,0,0,0,0,0
In:Most - Notions,0,0,0,0,1,0,0,0,0,0,0,0,0,0,0,0,0
Boxplot & Ownglow - Polaroids of You,0,0,0,0,1,0,0,0,0,0,0,0,0,0,0,0,0
Polygon - Unspoken,0,0,0,0,1,0,0,0,0,0,0,0,0,0,0,0,0
Feint - Solace,0,0,0,0,1,0,0,0,0,0,0,0,0,0,0,0,0
Makoto & Hugh Hardie - Bluebird,0,0,0,0,1,0,0,0,0,0,0,0,0,0,0,0,0
Flite - Kairos,0,0,0,0,1,0,0,0,0,0,0,0,0,0,0,0,0
Cyantific - Vapour Trails,0,0,0,0,1,0,0,0,0,0,0,0,0,0,0,0,0
The Vanguard Project - Wicked Man,0,0,0,0,1,0,0,0,0,0,0,0,0,0,0,0,0
Dawn Wall - Legends,0,0,0,0,1,0,0,0,0,0,0,0,0,0,0,0,0
Matrix & Futurebound - Hindsight (Millbrook Remix),0,0,0,0,1,0,0,0,0,0,0,0,0,0,0,0,0
Vorso - Strange Attractor,0,0,0,0,1,0,0,0,0,0,0,0,0,0,0,0,0
Changing Faces - Monochrome,0,0,0,0,1,0,0,0,0,0,0,0,0,0,0,0,0
Technimatic - Goodbye Kiss,0,0,0,0,1,0,0,0,0,0,0,0,0,0,0,0,0
Macca & Loz Contreras - You Were Mine,0,0,0,0,1,0,0,0,0,0,0,0,0,0,0,0,0
Grafix - Refuge (feat. Ruth Royall),0,0,0,0,1,0,0,0,0,0,0,0,0,0,0,0,0
Redemptive - Ghost Mine,0,0,0,0,1,0,0,0,0,0,0,0,0,0,0,0,0
Camo & Krooked - Loa,0,0,0,0,1,0,0,0,0,0,0,0,0,0,0,0,0
Turno - Amazon,0,0,0,0,1,0,0,0,0,0,0,0,0,0,0,0,0
Technimatic - Let It Fall,0,0,0,0,1,0,0,0,0,0,0,0,0,0,0,0,0
Flowidus - Said & Done (feat. Reiki Ruawai),0,0,0,0,1,0,0,0,0,0,0,0,0,0,0,0,0
Rameses b - Ivy,0,0,0,0,1,0,0,0,0,0,0,0,0,0,0,0,0
Tantrum Desire - Oblivion (Drumsound & Bassline Smith Remix),0,0,0,0,1,0,0,0,0,0,0,0,0,0,0,0,0
Lexurus - Crystalize,0,0,0,0,1,0,0,0,0,0,0,0,0,0,0,0,0
Vorso - Constellation,0,0,0,0,1,0,0,0,0,0,0,0,0,0,0,0,0
Zombie Cats - Before My Eyes,0,0,0,0,1,0,0,0,0,0,0,0,0,0,0,0,0
GLXY - Research & Development,0,0,0,0,1,0,0,0,0,0,0,0,0,0,0,0,0
Edlan - Meadows,0,0,0,0,1,0,0,0,0,0,0,0,0,0,0,0,0
Maduk - Company (feat. Juul),0,0,0,0,1,0,0,0,0,0,0,0,0,0,0,0,0
Makoto & Urbandawn - Liberta,0,0,0,0,1,0,0,0,0,0,0,0,0,0,0,0,0
Kove - Le Retour,0,0,0,0,1,0,0,0,0,0,0,0,0,0,0,0,0
Dawn Wall - I Should Have Been There,0,0,0,0,1,0,0,0,0,0,0,0,0,0,0,0,0
Ownglow - Back To You,0,0,0,0,1,0,0,0,0,0,0,0,0,0,0,0,0
Minos - Illusion,0,0,0,0,1,0,0,0,0,0,0,0,0,0,0,0,0
Oakwite - Moonpool,0,0,0,0,1,0,0,0,0,0,0,0,0,0,0,0,0
Changing Faces - Hypnotic,0,0,0,0,1,0,0,0,0,0,0,0,0,0,0,0,0
Air K & Cephei x Edlan - Smiles,0,0,0,0,1,0,0,0,0,0,0,0,0,0,0,0,0
Kallan HK - Meant To Be,0,0,0,0,1,0,0,0,0,0,0,0,0,0,0,0,0
Logistics - Rhythm Track,0,0,0,0,1,0,0,0,0,0,0,0,0,0,0,0,0
Artificial Intelligence - Even Though,0,0,0,0,1,0,0,0,0,0,0,0,0,0,0,0,0
Silence Groove - Moon That Never Sets,0,0,0,0,1,0,0,0,0,0,0,0,0,0,0,0,0
MH-K - Dreamscape (Command Strange Remix),0,0,0,0,1,0,0,0,0,0,0,0,0,0,0,0,0
Edlan & Djah - Replay,0,0,0,0,1,0,0,0,0,0,0,0,0,0,0,0,0
Aperio Ft. Koherent - Aurora,0,0,0,0,1,0,0,0,0,0,0,0,0,0,0,0,0
Redemptive - Beyond VIP,0,0,0,0,1,0,0,0,0,0,0,0,0,0,0,0,0
Bladerunner - All My Love,0,0,0,0,1,0,0,0,0,0,0,0,0,0,0,0,0
Gerra & Stone - Sprung,0,0,0,0,1,0,0,0,0,0,0,0,0,0,0,0,0
The Outsiders - Burning (feat. Ida),0,0,0,0,1,0,0,0,0,0,0,0,0,0,0,0,0
The Prototypes - Into The Night,0,0,0,0,1,0,0,0,0,0,0,0,0,0,0,0,0
Grafix - Rain Fall Down,0,0,0,0,1,0,0,0,0,0,0,0,0,0,0,0,0
Walk:r - Stay,0,0,0,0,1,0,0,0,0,0,0,0,0,0,0,0,0
Flite - Decisions,0,0,0,0,1,0,0,0,0,0,0,0,0,0,0,0,0
Crissy Criss - Kiss The Sky,0,0,0,0,1,0,0,0,0,0,0,0,0,0,0,0,0
Macca & Loz Contreras - Feel My Soul,0,0,0,0,1,0,0,0,0,0,0,0,0,0,0,0,0
Phaction - Someone (Monrroe Remix),0,0,0,0,1,0,0,0,0,0,0,0,0,0,0,0,0
Polaris - Kessel Run,0,0,0,0,1,0,0,0,0,0,0,0,0,0,0,0,0
Rameses B - Open Your Eyes (L Plus Remix),0,0,0,0,1,0,0,0,0,0,0,0,0,0,0,0,0
Culture Shock - Renaissance,0,0,0,0,1,0,0,0,0,0,0,0,0,0,0,0,0
The Prototypes - Oxygen (feat. Kudu Blue),0,0,0,0,1,0,0,0,0,0,0,0,0,0,0,0,0
Document one - Temporal,0,0,0,0,1,0,0,0,0,0,0,0,0,0,0,0,0
Rameses B - Falling (Rameses B Remix),0,0,0,0,1,0,0,0,0,0,0,0,0,0,0,0,0
Missing - Chasing The Dragon,0,0,0,0,1,0,0,0,0,0,0,0,0,0,0,0,0
yper On Experience - Lord Of The Null Lines (Foul Play Remix),0,0,0,0,0,0,1,0,0,0,0,0,0,0,0,0,0
ndercover Agent - Oh Gosh,0,0,0,0,0,0,1,0,0,0,0,0,0,0,0,0,0
ude Bowy Monty - Out In Da Streets,0,0,0,0,0,0,1,0,0,0,0,0,0,0,0,0,0
illinja - Waveform,0,0,0,0,0,0,1,0,0,0,0,0,0,0,0,0,0
J Solo - Darkage,0,0,0,0,0,0,1,0,0,0,0,0,0,0,0,0,0
oise Factory - Can You Feel The Rush (Power Mix),0,0,0,0,0,0,1,0,0,0,0,0,0,0,0,0,0
oogie Times Tribe - Dark Stranger (Origin Unknown Remix),0,0,0,0,0,0,1,0,0,0,0,0,0,0,0,0,0
irefox & 4Tree - Warning (Roni Size Mix),0,0,0,0,0,0,1,0,0,0,0,0,0,0,0,0,0
ubnation - Scottie,0,0,0,0,0,0,1,0,0,0,0,0,0,0,0,0,0
plash - Babylon,0,0,0,0,0,0,1,0,0,0,0,0,0,0,0,0,0
'Cruze - Watch Out,0,0,0,0,0,0,1,0,0,0,0,0,0,0,0,0,0
om & Jerry - Air Freshener,0,0,0,0,0,0,1,0,0,0,0,0,0,0,0,0,0
mni Trio - Renegade Snares,0,0,0,0,0,0,1,0,0,0,0,0,0,0,0,0,0
Deekline - Good To Have The Feeling (Ft. Tippa Irie),0,0,0,0,0,0,1,0,0,0,0,0,0,0,0,0,0
Garnett Silk - Kingly Character (Division One Remix),0,0,0,0,0,0,1,0,0,0,0,0,0,0,0,0,0
Dennis Brown - Say What You Say (Monrroe. Remix),0,0,0,0,0,0,1,0,0,0,0,0,0,0,0,0,0
Ed Solo Deekline - No No No (You Don't Love Me),0,0,0,0,0,0,1,0,0,0,0,0,0,0,0,0,0
Benny Page - Turn Down The Lights,0,0,0,0,0,0,1,0,0,0,0,0,0,0,0,0,0
Ed Solo Deekline - King Of The Bongo,0,0,0,0,0,0,1,0,0,0,0,0,0,0,0,0,0
Ed Solo - Ganja Smuggling,0,0,0,0,0,0,1,0,0,0,0,0,0,0,0,0,0
Rung Tingz Cru - Took My Breath (Ft. Solo Banton, Lady Fyah),0,0,0,0,0,0,1,0,0,0,0,0,0,0,0,0,0
Ed Solo Deekline - Top Rankin,0,0,0,0,0,0,1,0,0,0,0,0,0,0,0,0,0
Soundclash - Raggamuffin,0,0,0,0,0,0,1,0,0,0,0,0,0,0,0,0,0
Top Cat DJ Nut Nut - Special Dedication (Sigma Remix),0,0,0,0,0,0,1,0,0,0,0,0,0,0,0,0,0
Serial Killaz - Good Enough,0,0,0,0,0,0,1,0,0,0,0,0,0,0,0,0,0
Beastie Boys - The Gala Event,0,0,0,0,0,0,0,0,0,0,1,0,0,0,0,0,0
Eddie Def & Ingrid De Lambre - Poeisies, Scene 1 Le Blues,0,0,0,0,0,0,0,0,0,0,1,0,0,0,0,0,0
Broke For Free - As Colourful As Ever,0,0,0,0,0,0,0,0,0,0,1,0,0,0,0,0,0
Moby - If Things Were Perfect ,0,0,0,0,0,0,0,0,0,0,1,0,0,0,0,0,0
Juzhin - Railways,0,0,0,0,0,0,0,0,0,0,1,0,0,0,0,0,0
DJ Krush - Mu Getsu,0,0,0,0,0,0,0,0,0,0,1,0,0,0,0,0,0
The Herbaliser - The Hard Stuff,0,0,0,0,0,0,0,0,0,0,1,0,0,0,0,0,0
Fingathing - Epitaph,0,0,0,0,0,0,0,0,0,0,1,0,0,0,0,0,0
Archive - Old Artist,0,0,0,0,0,0,0,0,0,0,1,0,0,0,0,0,0
Arms & Sleepers - Black Paris 86,0,0,0,0,0,0,0,0,0,0,1,0,0,0,0,0,0
Centz - Modal Notions,0,0,0,0,0,0,0,0,0,0,1,0,0,0,0,0,0
Violent Public Disorderaz - Memory (feat. Mr Moods),0,0,0,0,0,0,0,0,0,0,1,0,0,0,0,0,0
Dj Krush - 40 Winks (No Sleep Vadim Mix),0,0,0,0,0,0,0,0,0,0,1,0,0,0,0,0,0
Lee Curtis Connection - Smokin',0,0,0,0,0,0,0,0,0,0,1,0,0,0,0,0,0
Kelpe - Doubles of Everything,0,0,0,0,0,0,0,0,0,0,1,0,0,0,0,0,0
Tosca - Joe si ha,0,0,0,0,0,0,0,0,0,0,1,0,0,0,0,0,0
Jon Kennedy - Boom Clack (Martin Brew Remix),0,0,0,0,0,0,0,0,0,0,1,0,0,0,0,0,0
Talvin Singh - Traveller (Kid Loco's Once Upon a Time in the East Mix),0,0,0,0,0,0,0,0,0,0,1,0,0,0,0,0,0
Giyo - Nocturne,0,0,0,0,0,0,0,0,0,0,1,0,0,0,0,0,0
Cambis & Florzinho feat.Sina - Aman Aman ( Euphonic Traveller remix ),0,0,0,0,0,0,0,0,0,0,1,0,0,0,0,0,0
Ours Samplus - Spell On You,0,0,0,0,0,0,0,0,0,0,1,0,0,0,0,0,0
Ours Samplus - Like The Sunshine,0,0,0,0,0,0,0,0,0,0,1,0,0,0,0,0,0
Ours Samplus - Le Parjure,0,0,0,0,0,0,0,0,0,0,1,0,0,0,0,0,0
Ours Samplus - Deep Inside,0,0,0,0,0,0,0,0,0,0,1,0,0,0,0,0,0
Ours Samplus - Trouble,0,0,0,0,0,0,0,0,0,0,1,0,0,0,0,0,0
Ours Samplus - Le Bouton De Manchette,0,0,0,0,0,0,0,0,0,0,1,0,0,0,0,0,0
Ours Samplus - Rainman,0,0,0,0,0,0,0,0,0,0,1,0,0,0,0,0,0
Ours Samplus - Capture Ioiseau,0,0,0,0,0,0,0,0,0,0,1,0,0,0,0,0,0
Ours Samplus - Smile,0,0,0,0,0,0,0,0,0,0,1,0,0,0,0,0,0
Ours Samplus - Sweet Cans,0,0,0,0,0,0,0,0,0,0,1,0,0,0,0,0,0
Ours Samplus - Swingapour,0,0,0,0,0,0,0,0,0,0,1,0,0,0,0,0,0
Ours Samplus - Walk With Me,0,0,0,0,0,0,0,0,0,0,1,0,0,0,0,0,0
Ours Samplus - Fastajazz,0,0,0,0,0,0,0,0,0,0,1,0,0,0,0,0,0
Ours Samplus - Lonely Town,0,0,0,0,0,0,0,0,0,0,1,0,0,0,0,0,0
Ours Samplus - Sofeatly,0,0,0,0,0,0,0,0,0,0,1,0,0,0,0,0,0
Ours Samplus - Joe Black,0,0,0,0,0,0,0,0,0,0,1,0,0,0,0,0,0
Ours Samplus - Alamo,0,0,0,0,0,0,0,0,0,0,1,0,0,0,0,0,0
ODESZA - Loyal,0,0,0,0,0,0,0,0,0,0,0,1,0,0,0,0,0
RIVAL X CADMIUM - In Your head (feat. Micah Martin),0,0,0,0,0,0,0,0,0,0,0,1,0,0,0,0,0
Neovaii - Should've Started,0,0,0,0,0,0,0,0,0,0,0,1,0,0,0,0,0
Brevis - When You Came,0,0,0,0,0,0,0,0,0,0,0,1,0,0,0,0,0
Madnap x WiDE AWAKE - Forget U,0,0,0,0,0,0,0,0,0,0,0,1,0,0,0,0,0
Juche - Neo Riot,0,0,0,0,0,0,0,0,0,0,0,1,0,0,0,0,0
Far Out - Another World,0,0,0,0,0,0,0,0,0,0,0,1,0,0,0,0,0
Far Out - Lost With You feat. Ruby Chase (Vincent Nord Remix),0,0,0,0,0,0,0,0,0,0,0,1,0,0,0,0,0
Apashe feat. Wasiu - Majesty (CloZee Remix),0,0,0,0,0,0,0,0,0,0,0,1,0,0,0,0,0
Ezgod - Lone Wolf (feat. Wasiu),0,0,0,0,0,0,0,0,0,0,0,1,0,0,0,0,0
Justin Caruso - The Mandalorian (Remix),0,0,0,0,0,0,0,0,0,0,0,1,0,0,0,0,0
Sweeper - You,0,0,0,0,0,0,0,0,0,0,0,1,0,0,0,0,0
Vosai - See The Light,0,0,0,0,0,0,0,0,0,0,0,1,0,0,0,0,0
Koven - My Love,0,0,0,0,0,0,0,0,0,0,0,1,0,0,0,0,0
Far Out - Overdrive,0,0,0,0,0,0,0,0,0,0,0,1,0,0,0,0,0
Far Out - Strike,0,0,0,0,0,0,0,0,0,0,0,1,0,0,0,0,0
Savoy - Let You Go,0,0,0,0,0,0,0,0,0,0,0,1,0,0,0,0,0
Far Out - Tidal Wave (feat. Nevve),0,0,0,0,0,0,0,0,0,0,0,1,0,0,0,0,0
KLOUD - Lies (ATLAST Remix),0,0,0,0,0,0,0,0,0,0,0,1,0,0,0,0,0
Jaskier - Toss A Coin To Your Witcher (Kl�n Remix),0,0,0,0,0,0,0,0,0,0,0,1,0,0,0,0,0
Neovaii - Feel You,0,0,0,0,0,0,0,0,0,0,0,1,0,0,0,0,0
Mountkid - Dino,0,0,0,0,0,0,0,0,0,0,0,1,0,0,0,0,0
League of Legends - As We Fall (WE ARE FURY Remix),0,0,0,0,0,0,0,0,0,0,0,1,0,0,0,0,0
Gidexen - Ronin,0,0,0,0,0,0,0,0,0,0,0,1,0,0,0,0,0
Halo - Halo Theme song (Nolan van Lith Remix),0,0,0,0,0,0,0,0,0,0,0,1,0,0,0,0,0
ID - ID,0,0,0,0,0,0,0,0,0,0,0,1,0,0,0,0,0
Far Out - Horizon,0,0,0,0,0,0,0,0,0,0,0,1,0,0,0,0,0
Mike Hawkins - I Want Your Soul,0,0,0,0,0,0,0,0,0,0,0,1,0,0,0,0,0
Apashe - Distance (feat. Geoffroy),0,0,0,0,0,0,0,0,0,0,0,1,0,0,0,0,0
32Stitches & Hoober - Astronomia,0,0,0,0,0,0,0,0,0,0,0,1,0,0,0,0,0
Star Wars - The Force Theme (Far Out Remix),0,0,0,0,0,0,0,0,0,0,0,1,0,0,0,0,0
William Black - Drown The Sky (ATLAST Remix),0,0,0,0,0,0,0,0,0,0,0,1,0,0,0,0,0
Sace x Loneliness - Virtuoso,0,0,0,0,0,0,0,0,0,0,0,1,0,0,0,0,0
Far Out - Our Own (feat. Micah Martin),0,0,0,0,0,0,0,0,0,0,0,1,0,0,0,0,0
Skan - Sail Away,0,0,0,0,0,0,0,0,0,0,0,1,0,0,0,0,0
BREVIS - The Truth (feat. Holly Terrens),0,0,0,0,0,0,0,0,0,0,0,1,0,0,0,0,0
Crankdat - Falling,0,0,0,0,0,0,0,0,0,0,0,1,0,0,0,0,0
League of Legends - Legends Never Die (Axile Remix) feat. Elisha,0,0,0,0,0,0,0,0,0,0,0,1,0,0,0,0,0
Calivania - Doom,0,0,0,0,0,0,0,0,0,0,0,1,0,0,0,0,0
2 Souls - Legends,0,0,0,0,0,0,0,0,0,0,0,1,0,0,0,0,0
Hex Cougar - Burn,0,0,0,0,0,0,0,0,0,0,0,1,0,0,0,0,0
Skan - Give it to dem (feat. Highdiwaan & Drama B),0,0,0,0,0,0,0,0,0,0,0,1,0,0,0,0,0
Skan - Sadaweya feat. Highdiwaan,0,0,0,0,0,0,0,0,0,0,0,1,0,0,0,0,0
Far Out - Apex,0,0,0,0,0,0,0,0,0,0,0,1,0,0,0,0,0
Northern National - Slow Down (Oddcube Remix),0,0,0,0,0,0,0,0,0,0,0,1,0,0,0,0,0
Egzod - Reserve (feat. Leo The Kind),0,0,0,0,0,0,0,0,0,0,0,1,0,0,0,0,0
Justin Caruso - Fortnite Theme (Remix),0,0,0,0,0,0,0,0,0,0,0,1,0,0,0,0,0
Eleven's Promise (Juelz Stranger Things Remix),0,0,0,0,0,0,0,0,0,0,0,1,0,0,0,0,0
Far Out - Look To The Stars,0,0,0,0,0,0,0,0,0,0,0,1,0,0,0,0,0
Fetty Wap - Trap Queen (Crankdat Remix),0,0,0,0,0,0,0,0,0,0,0,1,0,0,0,0,0
Aero Chord - Drop It,0,0,0,0,0,0,0,0,0,0,0,1,0,0,0,0,0
R3HAB & Waysons - Shanghai,0,0,0,0,0,0,0,0,0,0,0,1,0,0,0,0,0
Yellow Claw - Kaolo,0,0,0,0,0,0,0,0,0,0,0,1,0,0,0,0,0
Jason Derulo feat. Snoop Dogg - Wiggle (Onderkoffer Remix)�,0,0,0,0,0,0,0,0,0,0,0,1,0,0,0,0,0
San Holo - Fly,0,0,0,0,0,0,0,0,0,0,0,1,0,0,0,0,0
Rain Man & Krysta Youngs - Habit (T-Mass Remix),0,0,0,0,0,0,0,0,0,0,0,1,0,0,0,0,0
Aero Chord - Boundless,0,0,0,0,0,0,0,0,0,0,0,1,0,0,0,0,0
Flo Rida - GDFR (K Theory Remix),0,0,0,0,0,0,0,0,0,0,0,1,0,0,0,0,0
Razihel & Aero Chord - Titans �,0,0,0,0,0,0,0,0,0,0,0,1,0,0,0,0,0
GTA feat. Sam Bruno - Red Lips (Aero Chord Remix),0,0,0,0,0,0,0,0,0,0,0,1,0,0,0,0,0
Vanic X Aquilo - Losing you,0,0,0,0,0,0,0,0,0,0,0,1,0,0,0,0,0
Skrillex & Diplo - Where Are � Now (feat. Justin Bieber) (Marshmello Remix),0,0,0,0,0,0,0,0,0,0,0,1,0,0,0,0,0
marshmello - KeEp iT MeLLo feat. Omar Linx,0,0,0,0,0,0,0,0,0,0,0,1,0,0,0,0,0
Flosstradamus feat. GTA & Lil Jon - Prison Riot,0,0,0,0,0,0,0,0,0,0,0,1,0,0,0,0,0
Antiserum & Mayhem - Hustle,0,0,0,0,0,0,0,0,0,0,0,1,0,0,0,0,0
San Holo - We Rise,0,0,0,0,0,0,0,0,0,0,0,1,0,0,0,0,0
Troyboi -�O.G,0,0,0,0,0,0,0,0,0,0,0,1,0,0,0,0,0
Migos - Bad & Boujee (R3HAB vs. No Riddim & It's Different Remix),0,0,0,0,0,0,0,0,0,0,0,1,0,0,0,0,0
El Speaker - Put Your Love (Azide Remix),0,0,0,0,0,0,0,0,0,0,0,1,0,0,0,0,0
Alan Walker - Faded (Sep Remix),0,0,0,0,0,0,0,0,0,0,0,1,0,0,0,0,0
TroyBoi - Afeaterhours (feat. Diplo & Nina Sky),0,0,0,0,0,0,0,0,0,0,0,1,0,0,0,0,0
Dillon Francis & DJ Snake - Get Low,0,0,0,0,0,0,0,0,0,0,0,1,0,0,0,0,0
Psychic Type - Booty Had Me Like,0,0,0,0,0,0,0,0,0,0,0,1,0,0,0,0,0
Keys N Krates - Dum Dee Dum (JiKay Remix),0,0,0,0,0,0,0,0,0,0,0,1,0,0,0,0,0
Jackal - Shakedown (LOUDPVCK Remix),0,0,0,0,0,0,0,0,0,0,0,1,0,0,0,0,0
Chainsmokers - Sick Boy (BEAUZ Remix),0,0,0,0,0,0,0,0,0,0,0,1,0,0,0,0,0
Macklemore - These Days (R3HAB Remix) [feat. Jess Glynne & Dan Caplen],0,0,0,0,0,0,0,0,0,0,0,1,0,0,0,0,0
Justin Timberlake - Cry Me A River (Deficio Remix),0,0,0,0,0,0,0,0,0,0,0,1,0,0,0,0,0
Vanic x Tove Styrke - Borderline,0,0,0,0,0,0,0,0,0,0,0,1,0,0,0,0,0
Jack � - Take � There (feat. Kiesza) (TroyBoi Remix),0,0,0,0,0,0,0,0,0,0,0,1,0,0,0,0,0
Krewella - Calm Down (SKAN Remix),0,0,0,0,0,0,0,0,0,0,0,1,0,0,0,0,0
R3HAB - Icarus (R3HAB & Skytech Remix),0,0,0,0,0,0,0,0,0,0,0,1,0,0,0,0,0
HOPEX - Roadrunner,0,0,0,0,0,0,0,0,0,0,0,1,0,0,0,0,0
R3HAB x Krewella - Ain't that why (Skytech Remix),0,0,0,0,0,0,0,0,0,0,0,1,0,0,0,0,0
Major Lazer - Be Together (feat. Wild Belle) (Vanic Remix),0,0,0,0,0,0,0,0,0,0,0,1,0,0,0,0,0
Aero Chord - Surface,0,0,0,0,0,0,0,0,0,0,0,1,0,0,0,0,0
Vanic x Zella Day - Hypnotic,0,0,0,0,0,0,0,0,0,0,0,1,0,0,0,0,0
Flosstradamus & TroyBoi - Soundclash,0,0,0,0,0,0,0,0,0,0,0,1,0,0,0,0,0
Ti�sto & KSHMR Feat. VASSY - Secrets (Instant Party! Remix),0,0,0,0,0,0,0,0,0,0,0,1,0,0,0,0,0
Tomsize & Simeon - Jump,0,0,0,0,0,0,0,0,0,0,0,1,0,0,0,0,0
Vanic x K.Flay - Can't Sleep,0,0,0,0,0,0,0,0,0,0,0,1,0,0,0,0,0
Zedd - Beautiful Now (feat. Jon Bellion) (Marshmello Remix),0,0,0,0,0,0,0,0,0,0,0,1,0,0,0,0,0
Grace - You Don't Own Me (feat. G-Eazy) (Candyland Remix),0,0,0,0,0,0,0,0,0,0,0,1,0,0,0,0,0
Vanic x K.Flay - Make Me Fade,0,0,0,0,0,0,0,0,0,0,0,1,0,0,0,0,0
Meg Myers - Desire (Hucci Remix),0,0,0,0,0,0,0,0,0,0,0,1,0,0,0,0,0
Two Feet - Go F*ck Yourself,0,0,0,0,0,0,0,0,0,0,0,1,0,0,0,0,0
R3HAB x NOAH NEIMAN - WE DO,0,0,0,0,0,0,0,0,0,0,0,1,0,0,0,0,0
Sierra - Unbroken ,0,0,0,0,0,0,0,0,0,0,0,0,0,1,0,0,0
Dirtyphonics x Sullivan King - Navigator,0,0,0,0,0,0,0,0,0,0,0,0,0,1,0,0,0
Dirtyphonics x Sullivan King - Hammer,0,0,0,0,0,0,0,0,0,0,0,0,0,1,0,0,0
CYBRPNK x Sullivan King - MSHPIT,0,0,0,0,0,0,0,0,0,0,0,0,0,1,0,0,0
Remstage - Tyranny,0,0,0,0,0,0,0,0,0,0,0,0,0,1,0,0,0
Sinyells - Dismal Light,0,0,0,0,0,0,0,0,0,0,0,0,0,1,0,0,0
Morbid M3chanics - Delirium's Realm,0,0,0,0,0,0,0,0,0,0,0,0,0,1,0,0,0
Morbid M3chanics - Negative Space,0,0,0,0,0,0,0,0,0,0,0,0,0,1,0,0,0
Remstage - Neon,0,0,0,0,0,0,0,0,0,0,0,0,0,1,0,0,0
Sinyells - Smashing Heads,0,0,0,0,0,0,0,0,0,0,0,0,0,1,0,0,0
SWARM - Unbreakable,0,0,0,0,0,0,0,0,0,0,0,0,0,1,0,0,0
Legna Zeg - Labyrinth,0,0,0,0,0,0,0,0,0,0,0,0,0,1,0,0,0
Karuma - Mindmachine ,0,0,0,0,0,0,0,0,0,0,0,0,0,0,0,1,0
Das Licht - Traumwelten ,0,0,0,0,0,0,0,0,0,0,0,0,0,0,0,1,0
Johan Gielen - Da Phat Smokers ,0,0,0,0,0,0,0,0,0,0,0,0,0,0,0,1,0
Veracocha - Carte Blanche (Ferry Corsten & Vincent De Moor) ,0,0,0,0,0,0,0,0,0,0,0,0,0,0,0,1,0
Final Fantasy - Controlling Transmission (Mat Silver mix) ,0,0,0,0,0,0,0,0,0,0,0,0,0,0,0,1,0
Binary Finary - 2000 (Jam X & DuMond's Remix) ,0,0,0,0,0,0,0,0,0,0,0,0,0,0,0,1,0
Rank1 - Airwave ,0,0,0,0,0,0,0,0,0,0,0,0,0,0,0,1,0
Moni B - Stripped ,0,0,0,0,0,0,0,0,0,0,0,0,0,0,0,1,0
Mac Zimms - L' Annonce des Couleurs (Vincent de Moor Remix) ,0,0,0,0,0,0,0,0,0,0,0,0,0,0,0,1,0
Energy 52 - Cafe Del Mar ,0,0,0,0,0,0,0,0,0,0,0,0,0,0,0,1,0
Push - Universal Nation (Ferry Corsten Remix) ,0,0,0,0,0,0,0,0,0,0,0,0,0,0,0,1,0
Sunbeam - Outside World ,0,0,0,0,0,0,0,0,0,0,0,0,0,0,0,1,0
Mellow Trax - Phuture Vibes (Kai Tracid Remix) ,0,0,0,0,0,0,0,0,0,0,0,0,0,0,0,1,0
Mauro Picotto - Iguana ,0,0,0,0,0,0,0,0,0,0,0,0,0,0,0,1,0
Camisra vs Lizard Bootleg ,0,0,0,0,0,0,0,0,0,0,0,0,0,0,0,1,0
Arome - Hands Up (Dj Scot Project Remix),0,0,0,0,0,0,0,0,0,0,0,0,0,0,0,1,0
Storm - Time to Burn,0,0,0,0,0,0,0,0,0,0,0,0,0,0,0,1,0
William Orbit - Adagio For Strings (Ferry Corsten Mix),0,0,0,0,0,0,0,0,0,0,0,0,0,0,0,1,0
Da Hool - Meet Her At The Love Parade (Hooligans 2001 Club Mix),0,0,0,0,0,0,0,0,0,0,0,0,0,0,0,1,0
Mauro Picotto - Lizard (1999 R.A.F. By Picotto remix),0,0,0,0,0,0,0,0,0,0,0,0,0,0,0,1,0
Lange - Drifeating Away,0,0,0,0,0,0,0,0,0,0,0,0,0,0,0,1,0
Ayla - Liebe (ATB Mix),0,0,0,0,0,0,0,0,0,0,0,0,0,0,0,1,0
ATB � 9PM (Till I Come) (Signum Remix),0,0,0,0,0,0,0,0,0,0,0,0,0,0,0,1,0
Kamaya Painters - Endless Wave (Albion Remix),0,0,0,0,0,0,0,0,0,0,0,0,0,0,0,1,0
Art of Trance - Madagascar (Ferry Corsten Remix),0,0,0,0,0,0,0,0,0,0,0,0,0,0,0,1,0
Vincent De Moor - Eternity (Forever),0,0,0,0,0,0,0,0,0,0,0,0,0,0,0,1,0
Chakra - Home (Above & Beyond Remix),0,0,0,0,0,0,0,0,0,0,0,0,0,0,0,1,0
Kamaya Painters - Far From Over,0,0,0,0,0,0,0,0,0,0,0,0,0,0,0,1,0
Push - Strange World (2000 Remake),0,0,0,0,0,0,0,0,0,0,0,0,0,0,0,1,0
The Morrighan - Remember (to the Millenium) (Lange Remix),0,0,0,0,0,0,0,0,0,0,0,0,0,0,0,1,0
Peran van Dijk - Good Time,0,0,0,0,0,0,0,0,0,0,0,0,0,0,0,1,0
Vincent De Moor - No Hesitation,0,0,0,0,0,0,0,0,0,0,0,0,0,0,0,1,0
Ayla - Ayla (Veracocha Remix),0,0,0,0,0,0,0,0,0,0,0,0,0,0,0,1,0
Svendson & Gielen - Twisted,0,0,0,0,0,0,0,0,0,0,0,0,0,0,0,1,0
Binary Finary - 1999 (Gouryella Remix),0,0,0,0,0,0,0,0,0,0,0,0,0,0,0,1,0
John Rees vs. Helios Beta Blocker (Jr Trance Mix),0,0,0,0,0,0,0,0,0,0,0,0,0,0,0,1,0
Ian van Dahl feat. Marsha - Castles in the Sky (Wippenberg Remix),0,0,0,0,0,0,0,0,0,0,0,0,0,0,0,1,0
Foggy - Come Into My Dream,0,0,0,0,0,0,0,0,0,0,0,0,0,0,0,1,0
Yahel - Voyage,0,0,0,0,0,0,0,0,0,0,0,0,0,0,0,1,0
Veracocha - Carte Blanche,0,0,0,0,0,0,0,0,0,0,0,0,0,0,0,1,0
The Thrillseekers - Synaesthesia (En-Motion Remix),0,0,0,0,0,0,0,0,0,0,0,0,0,0,0,1,0
Airscape - L'esperanza (Svenson's Goes To The Love Parade Mix) ,0,0,0,0,0,0,0,0,0,0,0,0,0,0,0,1,0
Lightforce - Join Me (Club Mix),0,0,0,0,0,0,0,0,0,0,0,0,0,0,0,1,0
Travel - Pray to Jerusalem (Euphoria Mix),0,0,0,0,0,0,0,0,0,0,0,0,0,0,0,1,0
Barthezz - On The Move,0,0,0,0,0,0,0,0,0,0,0,0,0,0,0,1,0
Orkidea - Unity,0,0,0,0,0,0,0,0,0,0,0,0,0,0,0,1,0
PPK - ResuRection (Wellenrausch Remix),0,0,0,0,0,0,0,0,0,0,0,0,0,0,0,1,0
DJ Luck & MC Neat - A little Bit of Luck,0,0,0,0,0,0,0,0,0,0,0,0,0,0,0,0,1
DJ Luck & MC Neat - Ain't no stoppin us, 0,0,0,0,0,0,0,0,0,0,0,0,0,0,0,0,1
Angel 21 feat. Rose Windross & MC Kie - Flow (Sunship Vocal Mix),0,0,0,0,0,0,0,0,0,0,0,0,0,0,0,0,1
Active Minds feat. MC DT - Hobson's Choice (Redzki Don's Vocal Mix),0,0,0,0,0,0,0,0,0,0,0,0,0,0,0,0,1
Artful Dodger feat. MC Alistair - Are you ready,0,0,0,0,0,0,0,0,0,0,0,0,0,0,0,0,1
Wookie - Battle (MJ Cole Remix),0,0,0,0,0,0,0,0,0,0,0,0,0,0,0,0,1
Sisqo - The Thong Song (Artful Dodger Remix),0,0,0,0,0,0,0,0,0,0,0,0,0,0,0,0,1
A.K.A. - Warning (Sunship Mix),0,0,0,0,0,0,0,0,0,0,0,0,0,0,0,0,1
Artful Dodger - Please don't turn me on,0,0,0,0,0,0,0,0,0,0,0,0,0,0,0,0,1
Shut Up & Dance - Action,0,0,0,0,0,0,0,0,0,0,0,0,0,0,0,0,1
Active Minds - Hobson's Choice (Remix),0,0,0,0,0,0,0,0,0,0,0,0,0,0,0,0,1
DJ EZ - Voodoo Magic,0,0,0,0,0,0,0,0,0,0,0,0,0,0,0,0,1
Lynden David Hall feat. Artful Dodger - Forgive me | Cooltempo,0,0,0,0,0,0,0,0,0,0,0,0,0,0,0,0,1
Sweet Female Attitude - 8 Days a Week (Sunship Mix),0,0,0,0,0,0,0,0,0,0,0,0,0,0,0,0,1
2 Smart - Rudeboy Business | Ladies And Gentleman,0,0,0,0,0,0,0,0,0,0,0,0,0,0,0,0,1
Sweet Female Attitude - Flowers (Sunship Remix),0,0,0,0,0,0,0,0,0,0,0,0,0,0,0,0,1
Phaze One - Nicole's Groove (Full Length MC Mix),0,0,0,0,0,0,0,0,0,0,0,0,0,0,0,0,1
Daniel Bedingfield - Gotta get thru this,0,0,0,0,0,0,0,0,0,0,0,0,0,0,0,0,1
Oxide & Neutrino - Shoot to kill,0,0,0,0,0,0,0,0,0,0,0,0,0,0,0,0,1
Oxide & Neutrino - Bound 4 da Reload,0,0,0,0,0,0,0,0,0,0,0,0,0,0,0,0,1
Artful Dodger feat. Michelle Escoffery - Think about me,0,0,0,0,0,0,0,0,0,0,0,0,0,0,0,0,1
So Solid Crew - Oh no (Sentimental Things),0,0,0,0,0,0,0,0,0,0,0,0,0,0,0,0,1
Brandy & Monica - The Boy is mine (Architects Remix),0,0,0,0,0,0,0,0,0,0,0,0,0,0,0,0,1
Nordstadt Union - Try harder,0,0,0,0,0,0,0,0,0,0,0,0,0,0,0,0,1
Artful Dodger - Rewind,0,0,0,0,0,0,0,0,0,0,0,0,0,0,0,0,1
Paul McCartney - Silly Love Songs (Artful Dodger Remix),0,0,0,0,0,0,0,0,0,0,0,0,0,0,0,0,1
De La Soul - All good (MJ Cole Remix),0,0,0,0,0,0,0,0,0,0,0,0,0,0,0,0,1
Another Level - Guess I was a Fool (MJ Cole Mix),0,0,0,0,0,0,0,0,0,0,0,0,0,0,0,0,1
NNG feat. Kallaghan - Right before my Eyes (MC Neat Remix),0,0,0,0,0,0,0,0,0,0,0,0,0,0,0,0,1
Lovestation feat. Fayleina Brown - Teardrops (Pure Garage Mix),0,0,0,0,0,0,0,0,0,0,0,0,0,0,0,0,1
Wiseguys - Oh la la (Remix),0,0,0,0,0,0,0,0,0,0,0,0,0,0,0,0,1
Baby D. - Let me be your Fantasy (Trick Or Treat Remix),0,0,0,0,0,0,0,0,0,0,0,0,0,0,0,0,1
Sunship feat. Anita Kelsey - Try me out,0,0,0,0,0,0,0,0,0,0,0,0,0,0,0,0,1
K Warren & Richie Dan - Call it Fate (Underground Mix),0,0,0,0,0,0,0,0,0,0,0,0,0,0,0,0,1